_id,language_code,language_name,language_synonym,approximate_latitude_of_language_variety,approximate_longitude_of_language_variety,uri
1,A1,Nyaki Nyaki / Njaki Njaki,Nyungar|Nyaki Nyaki|Nyagi Nyagi|Eastward tribe|Kaikan|Kar Kar|Karkar|Kikkar|Kilkar|Kokan|Kokar|Njagi|Njagi njagi|Njagiman|Njakinjaki|Nyakinyaki|Punuatch|Punwatch|Njagi Njagi,-32.390945191928,118.75508272649,https://collection.aiatsis.gov.au/austlang/language/a1
2,A10,Ngurlu,Wangkathaa|Maduwongga|Waljen|Wanggaji|Wangkayi|Pindini|Jaa|Jata|Kuru|Kurutjara|Nanu|Nata|Nguludjara|Ngulutjara|Njata,0,0,https://collection.aiatsis.gov.au/austlang/language/a10
3,A100,Mardo,Mardudjara,0,0,https://collection.aiatsis.gov.au/austlang/language/a100
4,A101,Naaguja,Nowkadja,-28.135541101863,114.76447121893,https://collection.aiatsis.gov.au/austlang/language/a101
5,A102,Pindiini,Wangkatha|Bindinini|Pindini|Pintiini|Wangkathaa|Maduwongga|Ngurlu|Waljen|Wanggaji|Wangkayi|Bindunda|Pini|Wangaga|Wanggada|Wonga|Wongai i|Wongaidya|Wongaii|Wonggai|Wonggaii|Wongi|Wonkai|Won gaii,-29.465956641058,127.76626114849,https://collection.aiatsis.gov.au/austlang/language/a102
6,A103,Wangkatja,Wangkatha|Wangkayi,-29.865930280067,122.69871203435,https://collection.aiatsis.gov.au/austlang/language/a103
7,A104,Pijikala,"",0,0,https://collection.aiatsis.gov.au/austlang/language/a104
8,A105,Nangu,"",0,0,https://collection.aiatsis.gov.au/austlang/language/a105
9,A106,Najanaja,"",0,0,https://collection.aiatsis.gov.au/austlang/language/a106
10,A107,Nawurtu,"",0,0,https://collection.aiatsis.gov.au/austlang/language/a107
11,A108,Nankilakuthu,"",0,0,https://collection.aiatsis.gov.au/austlang/language/a108
12,A109,Martuyitha,"",0,0,https://collection.aiatsis.gov.au/austlang/language/a109
13,A11,Waljen,Wangkathaa|Maduwongga|Ngurlu|Wanggaji|Wangkayi|Pindini|Koara|Waljwan|Walyen|Waula|wa,-29.231153995635,122.72297452583,https://collection.aiatsis.gov.au/austlang/language/a11
14,A110,Marlba,"",0,0,https://collection.aiatsis.gov.au/austlang/language/a110
15,A111,Windaga,"",0,0,https://collection.aiatsis.gov.au/austlang/language/a111
16,A112,Ngoonooru,"",0,0,https://collection.aiatsis.gov.au/austlang/language/a112
17,A113,Byro Wajarri,"",0,0,https://collection.aiatsis.gov.au/austlang/language/a113
18,A114,Mileura Wajarri,"",0,0,https://collection.aiatsis.gov.au/austlang/language/a114
19,A115,Nharnu,"",0,0,https://collection.aiatsis.gov.au/austlang/language/a115
20,A116,Nyiyaparli Padupadu,"",0,0,https://collection.aiatsis.gov.au/austlang/language/a116
21,A117,Banyjima Padupadu,"",0,0,https://collection.aiatsis.gov.au/austlang/language/a117
22,A118,Ngarrka,"",0,0,https://collection.aiatsis.gov.au/austlang/language/a118
23,A119,Kurdun,"",0,0,https://collection.aiatsis.gov.au/austlang/language/a119
24,A12,Wangkatha,Wangatja|dialect of The Western Desert language|Wangkathaa|Maduwongga|Ngurlu|Waljen|Wanggaji|Wangkayi|Pindini|Bindinini|Bindunda|Pindiini|Pini|Wangaga|Wanggada|Wonga|Wongai i|Wongaidya|Wongaii|Wonggai|Wonggaii|Wongi|Wonkai|Wanggaji/Wanggayi|Wanggayi,-29.778252421771,121.91807270657,https://collection.aiatsis.gov.au/austlang/language/a12
25,A120,Yirrakalan,"",0,0,https://collection.aiatsis.gov.au/austlang/language/a120
26,A121,Ngardi,"",0,0,https://collection.aiatsis.gov.au/austlang/language/a121
27,A122,Kakutu / Kakurtu,"",0,0,https://collection.aiatsis.gov.au/austlang/language/a122
28,A123,Ngulatu / Ngulartu,"",0,0,https://collection.aiatsis.gov.au/austlang/language/a123
29,A13,Widi,Badimaya|Widimaya|Barimaia|Cheangwa|Jaburu|Minango|Minangu|Nanakardi|Nanakari|Nanakati|Nhanhakarti|Opee|Weeree|Wiri|Wirti|Wirtimaya|Witimay|Wirtimay|Wirdimay,-28.826757573399,116.72152699866,https://collection.aiatsis.gov.au/austlang/language/a13
30,A14,Badimaya,Parti maya|Badimaia|Badimara|Barimaia|Nanakari|Patimara|Patimay|Baadeemaia|Badimala|Bardimaia|Bidungu|Padimaia|Padinaia|Parimaia|Waadal|Wallawe|WardalBadi maia|Yamadgee|Yamaji|Patimaya|Bardimaya|Badimay|Yamadyis|Wardal|Badimia,-28.593308271869,117.18532487362,https://collection.aiatsis.gov.au/austlang/language/a14
31,A16,Kuwarra,Goara|Koara|Go:ara|Guwara|Kagara|Kogara|Konindja|Konindjara|Waula,-28.182031703639,120.34536446621,https://collection.aiatsis.gov.au/austlang/language/a16
32,A17,Nangadadjara / Nyanganyatjara,Ngaanyatjarra|Murunitja|Nangatadjara|Pindini|Tjeraridjal|Wanggatha|Alindjara|Ditu|Dituwonga|Nangandjara|Nangata|Nangatatjara|Nanggaranggu|Nanggatha|Ngaanyatjara|Ngalapita|Ngana|Nganandjara|Njingipalaru|Wangata|Njanganjadjara|Nyanganyadjara|Nagatatjara|Ngalap ita|Nangadadjara ,-28.683701655968,124.80344633862001,https://collection.aiatsis.gov.au/austlang/language/a17
33,A18,Muliara,Majanna|Maldjana|Malleyearra|Meloria|Muliarra|Wadjari|Baialdju|Cheangwa|Iirrawad ari|Irawadjari|Jamadji|Kurduwonga|Kurduwongga|Maliara|Miliara|Miliarra|Pidong|Wadarri|Wadgaree|Wadjeri|Waian wonga|Wajari|Wajeri|Wajjari|Wardal|Yajeri|Yamaidyi,0,0,https://collection.aiatsis.gov.au/austlang/language/a18
34,A19,Wardal,Wawula|Madoitja|Wirdinja|Wajari|Wardalj|Tjitijamba|Tjitjijamba|Waula,0,0,https://collection.aiatsis.gov.au/austlang/language/a19
35,A2,Kalarku,Kalaaku|Kalarko|Ngatjunmay|Galagu/Kalako|Malpa|Galagu|Kalako|Ngadjunmaia|Marlba|Beelia|Beeloo|Derbal|Gala:gu|Ilakuri wongi|Juadjag|Juadjek|Juadjuk|Kalaako|Karakata|Karrakatta|Malba|Minal njunga|Minalnjunga|Minnal Yungar|Mooro|Murram|Njindango|Swan River Tribe|Takalako|Wadjug|Wadjuk|Wadjup|Wajuk|Whadjuk|Whajook|Witja:ri|Witjari|Yooadda|Yooard|Yoongar|Yuard|Yuatjek|Yungar|Yungur|Galaagu|West Mirniny,-32.110217754506,121.48757554079999,https://collection.aiatsis.gov.au/austlang/language/a2
36,A20,Wilyara,Wiijara,-26.799611608385,120.41568813065,https://collection.aiatsis.gov.au/austlang/language/a20
37,A21,Gula,Go:la,-27.99046024825,122.70200834255,https://collection.aiatsis.gov.au/austlang/language/a21
38,A22,Marawa,"",-28.771514280889,125.34638789354,https://collection.aiatsis.gov.au/austlang/language/a22
39,A23,Mangula,Mandjindja|Kalgonei|Kalgoneidjara|Mandjindjara|Mandjindji|Mandjindjiwongga|Mandshindshi|Man gula|Mangundjara|Manjinjiwonga|Mantjila|Nanggar angku,0,0,https://collection.aiatsis.gov.au/austlang/language/a23
40,A24,Gurduwanga,Kurduwonga|Kurduwongga|Wadjari|Baialdju|Cheangwa|Iirrawad ari|Irawadjari|Jamadji|Maliara|Miliara|Miliarra|Pidong|Wadarri|Wadgaree|Wadjeri|Waian wonga|Wajari|Wajeri|Wajjari|Wardal|Yajeri|Yamaidyi,-25.668816450276,117.54738262511999,https://collection.aiatsis.gov.au/austlang/language/a24
41,A25,Birniridjara,Pini|Nana|Badu|Bandjanu|Banjanu|Barduwonga|Bawndudjara|Bini|Biniridjara|Birni|Budidjara|Bududjara|Buranudjara|Buurdidyara|Jabura|Kaltalbudara|Kaltalbudjara|Kaltalbudjira|Madutjara|Nangaritjara|Ngondidjara|Pandjanu|Pardu|Partutu|Partutudjara|Piniiri|Piniridjara|Pirniritjara|Poroko|Potidjara|Potitjara|Puditjarra|Purditara|Putitjara|Tjubun|Tutudjara|Wordako,0,0,https://collection.aiatsis.gov.au/austlang/language/a25
42,A26,Djalgandi,Tjalkanti|Tjalkadjara|Barduwonga|Djalgadjara|Barduwanga|Talkumara|Tjalkandjara|Tjalkakari|Wordako|Tjalkani|Djalgani|Tjalgandi|Erlistoun tribe|Dituwonga,-27.645728155089,122.97306203614001,https://collection.aiatsis.gov.au/austlang/language/a26
43,A27,Mudalga,"",-27.752210323925,123.65487413983,https://collection.aiatsis.gov.au/austlang/language/a27
44,A28,Bunggura,"",-27.28614140549,130.46337106063999,https://collection.aiatsis.gov.au/austlang/language/a28
45,A29,Wawula,Madoitja|Wardal|Wirdinja|Ngaiu|Ngayuwanga|Waula|Wawlwulu|Ngaiuwonga|Wawulja|Tjitijamba|Tjitjijamba|Waula for Wardal|Marduidji|Milamada|Wainawonga|Konin|Waula for Madoitja,-25.010140467372999,121.11964519461,https://collection.aiatsis.gov.au/austlang/language/a29
46,A3,Ngadjumaya / Ngadju,Ngatjumaya|Ngadjunmaya|Ngatjunmay|Galagu|Kalako|Ngadjunmaia|Ba:donjunga|Badonjunga|Bardojunga|Bardok|Buljigu|Fraser Range tribe|Malba|Marlba|Marlpa|Minninng|Ngadjumaja|Ngadjunma|Ngadjunpakara|Ngadjunpukara|Ngadyunma|Ngatju|Ngatjumay|Ngatjunmaya|Norseman|Pardoak|Tchaakalaaga|Wangka malpa|West Meening|West Mining|Ngadyumaya|Ngadjunma/Marlba|Wangka Malpa|Ngadju:,-32.324664323174,123.74119550947999,https://collection.aiatsis.gov.au/austlang/language/a3
47,A30,Ngadawanga,Ngaiawongga|alternative for Tjupany|Madoitja|Ngadawongga|Ngadhawonga|Ngarawonga|Bidungu/Ngayawanga/Ngadawanga|Ngajawonga|Ngaiu wonga|Ngarga wonga|Maliar:a|Wallawe|Waula|Pidungu|Madutjara,-26.401740132949,119.57970476761,https://collection.aiatsis.gov.au/austlang/language/a30
48,A31,Tjupan,Tjupany|Madoitja|Tjubanba,-27.117955474616,120.56642240741,https://collection.aiatsis.gov.au/austlang/language/a31
49,A32,Nakako,Nakaku|Nangako|Nangakopitja|Wanudjara,-27.222842765728,128.51091416846,https://collection.aiatsis.gov.au/austlang/language/a32
50,A33,Mantjintjarra,Mandjindja|Jindi|Kalgonei|Kalgoneidjara|Madu|Maduwongga|Mandijildjara|Mandildjara|Mandjihjarra|Mandjiidjarra|Mandjildara|Mandjildjara|Mandjildjarra|Mandjiltjara|Mandjiltjarra|Mandjintjarra|Mandjindjara|Mandjindji|Mandjindjiwongga|Mandshindshi|Mangingiwonga|Manginji|Mangula|Mangundjara|Manjiljara|Manjiljarra|Manjinjiwonga|Mantjila|Mantjildjara|Mantjiltjara|Manyjilyjarra|Nanggarangku|Man gula|Nanggar angku,-27.253857884926,126.084616824250006,https://collection.aiatsis.gov.au/austlang/language/a33
51,A34,Mangu,Manyjilyjarra,-25.579879925586,119.77503108659999,https://collection.aiatsis.gov.au/austlang/language/a34
52,A35,Konin,Gonin|Madoitja|Marduidji|Milamada|Wainawonga|Waula,0,0,https://collection.aiatsis.gov.au/austlang/language/a35
53,A36,Milamada,Madoitja|Konin|Marduidji|Wainawonga|Waula,0,0,https://collection.aiatsis.gov.au/austlang/language/a36
54,A37,Nanadjara,Nana|Pini|I:nabadanggural|Kalgo nei|Kalgoneidjara|Kalguni|Nangand jara|Nangaridjara|Ngan:adjara|Nganadjara|Jumudjara|Ngatari|Nona,-26.064065288864999,123.48763939134,https://collection.aiatsis.gov.au/austlang/language/a37
55,A38,Ngaanyatjarra,Ngaanjatjarra|Nana|I:nabadanggural|Jumudjara|Kalgonei|Kalgoneidjara|Kalguni|Kuwaratjara|Nangandjara|Nangaridjara|Ngaanjadjara|Ngan:adjara|Ngana|Nganadjara|Ngatari|Nona|Warburton Ranges|Ngadadjara|Ngaanyatjara|Warburton Ranges Dialect|Jabungadja|Ku:rara|Nadadjara|Nga:da|Nga:dapitjardi|Ngad adara|Ngadatara|Ngadatjara|Ngadawongga|Ngadjatara|Ngatatara|Ngatatjara|Rumudjara|Teitudjara|Wan:udjara|Warara|Wirtjandja|Witjandja,-25.80043240336,127.35345751349,https://collection.aiatsis.gov.au/austlang/language/a38
56,A38.1,Widjandja,Ngadadjara|Jabungadja|Ku:rara|Nadadjara|Nga:da|Nga:dapitjardi|Ngad adara|Ngadatara|Ngadatjara|Ngadawongga|Ngadjatara|Nganadjara|Ngatatara|Ngatatjara|Rumudjara|Teitudjara|Wan:udjara|Warara|Wirtjandja|Witjandja,0,0,https://collection.aiatsis.gov.au/austlang/language/a38.1
57,A39,Wajarri / Wadjarri,Watjarri|Bidungu|Irawadjari|Mulyara|Nokaan|Wadjari|Waiawonga|Baialdju|Batiga|Cheangwa|Dhauerngu|Iirrawadari|Jamadji|Kurduwonga|Kurduwongga|Maliara|Miliara|Miliarra|Pidong|Wadari|Wadarri|Wadgaree|Wadhari|Wadjeri|Wadyari|Waian|Waianwonga|Wajari|Wajeri|Wajjari|Wajjiri|Wanmala|Wardal|Watjari|Wodjeri|Yabbaroo|Yabbooroo|Yajeri|Yamadgee|Yamaidyi|Yamaji|Wadyarri|Witjari|Waian wonga|Iirrawad ari,-26.100230390262,116.99308252226,https://collection.aiatsis.gov.au/austlang/language/a39
58,A39.1,Wadiwangga,Wadiwanga,0,0,https://collection.aiatsis.gov.au/austlang/language/a39.1
59,A4,Kalaamaya,Kaprun|Karlamay|Nyunga|Galamaia|Jabururru|Jawan|Kalamaia|Kelamai|Natingero|Takalako|Watjanmay|Yabro|Galamai|Galamaya|Jaburu|Jungaa|Jungal|Kala:mai|Kaallarmaay|Kalamai|Kalamay|Kalamaya|Njindango|Youngal|Youngar|Yungar|Galamay,-30.263691528344,119.0129787698,https://collection.aiatsis.gov.au/austlang/language/a4
60,A40,Birdungu,Bedengo|Pedong|Peedong|Pidunga|Peedona|Pardoo|Palatong|Bidungu|Pidong Bedongo|Bidungo|Pidungu,0,0,https://collection.aiatsis.gov.au/austlang/language/a40
61,A41,Madoidja,Wawula|Tjupany|Madoitja|Wardal|Wirdinja|Wainawonga|Marduidji|Milamada|Wainawonga|Konin|Waula,0,0,https://collection.aiatsis.gov.au/austlang/language/a41
62,A42,Tjitijamba,Tjitiyamba|Tjitjijamba|Wardal|Djidjijamba|Waula,0,0,https://collection.aiatsis.gov.au/austlang/language/a42
63,A43,Ngaatjatjarra,Ngaatjatjarr|Ngaanyatjarra|Ngaadjadjara|Ngatatjara|Ngadadjara|Bidungu|Madutjara|Maliar:a|Nalada|Ngaatjatarra|Ngada|Ngadawangga|Ngadawongga|Ngadhawonga|Ngaiawongga|Ngaiu wonga|Ngajawonga|Ngarawonga|Ngarga|Ngargawonga|Ngayawangga|Nyadadjara|Pidungu|Tekateka|Wallawee|WaulaNgaadadjara|Ngadatjara|Jabungadja|Ku:rara|Nadadjara|Nga:da|Nga:dapitjardi|Ngad adara|Ngadatara|Ngadjatara|Nganadjara|Ngatatara|Rumudjara|Teitudjara|Wan:udjara|Warara|Wirtjandja|Witjandja,-25.081125185628999,128.54199255348999,https://collection.aiatsis.gov.au/austlang/language/a43
64,A44,Djungurdja,"",0,0,https://collection.aiatsis.gov.au/austlang/language/a44
65,A48,Ngarla,Yinhawangka|Panytyima|Inawonga|Inawangga|Inawonga for Inawongga|Ngaunmardi|Nalawonga|Ngalawongga|Ngalawonga|Ngarla warngga|Southern Padima for Ninanu,-23.799711855686,117.60738836527,https://collection.aiatsis.gov.au/austlang/language/a48
66,A49,Wirdinya,Wawula|Wirdinja|Wardal|Jabura|Mardo|Woordinya|Woordunya,-23.83364083433,120.47082633470001,https://collection.aiatsis.gov.au/austlang/language/a49
67,A5,Nungara,Nugara,-30.288736633741,120.59501258947,https://collection.aiatsis.gov.au/austlang/language/a5
68,A50,Nyiyaparli,Palyku/Nyiyaparli|Njiyapali|Nijadali|Palyku|Bailgu|Binigura|Niabali|Paljgu|Iabali|Jana|Janari|Njiabadi|Njiabali|Njijabadi|Njijabali|Njijapali|Nyiyabali|Nyiyapali|Njiyabali,-22.92418557863,120.19647245046001,https://collection.aiatsis.gov.au/austlang/language/a50
69,A51,Kartujarra,Kartutjarra|Martu Wangka|Katutjara|Katudjara|Katatjara|Kardudjara|Gadudjara|Wal mala|Orailku|Ngadari,-23.282962677149,122.062536199269999,https://collection.aiatsis.gov.au/austlang/language/a51
70,A51.1,Manyjilyjarra,Martu Wangka|Manyjilyjara|Mardu|Mandjildjara/Manyjilyjarra|Budijarra|Gardujarra|Giyajarra|Kartudjara|Keiadjara|Mandjildjara|Potidjara|Wanman|Jindi|Katutjara|Madu|Maduwongga|Mandijildjara|Mandildjara|Mandjihjarra|Mandjiidjarra|Mandjildara|Mandjildjarra|Mandjiltjara|Mandjiltjarra|Mandjintjarra|Mandjindja|Mangula|Mangundjara|Manjiljara|Manjiljarra|Manjiljarra/Kartujarra|Manjinjiwonga|Mantjila|Mantjildjara|Mantjiltjara|Mardo|Marduwangga|Martu wangka|Matu wangga|Matuntara|Matutjarra|Matuwangga|Nanggarangku|Martu,-22.573761734635,124.90624556636,https://collection.aiatsis.gov.au/austlang/language/a51.1
71,A52,Kiyajarra,Mardu|Giyajarra/Keiadjara|Budijarra|Gardujarra|Giyajarra|Kartudjara|Keiadjara|Mandjildjara|Manyjilyjarra|Potidjara|Wanman|Giadjara|Giyadyara|Giyadjara|Keiatara|Keredjara|Kiadjara|Giad jara|Gijadjara|Targudi|Tjargudi|Djar gudi|Targoodi|Kalgoneidjara|Kalguni,-23.510384152199,125.95265960128999,https://collection.aiatsis.gov.au/austlang/language/a52
72,A53,Banyjima,Banyjima|Panyjima|Panjtjima|Panytyima|Banjima|Bandjima|Mandanjongo|Papupadu|BanjimaBanyjima|Mandara|Paanjima|Pandima|Pandjima|Panjima|PanyjimaBanydyima,-22.743132667405,118.37300319665,https://collection.aiatsis.gov.au/austlang/language/a53
73,A54,Putijarra,Western Desert Language|Martu Wangka|Pawututjara|Potitjara|Putitjara|Budidjara|Bududjara|Purdi tara|Pawutudjara|Paodudjara|Patudja|Pa tudjara|Partutudjara|Bawndudjara|Partutu|Ngondidjara|Kaltalbudara|Kaltalbudjara|Kaltalbudjira|Poroko|Bardu wonga|Badu|Pardu|Tutudjara,-26.558929055443,120.90839716643001,https://collection.aiatsis.gov.au/austlang/language/a54
74,A55,Palyku,Palyku/Nyiyaparli|Mangguldulkara|Paljarri|Nijadali|Bailgu|Binigura|Niabali|Nyiyaparli|Paljgu|Baialja|Bailgo|Bailju|Bailko|Balgo|Balgoo|Balgu|Baligu|Baljgu|Balju|Boolgoo|Pailgo|Pailgu|Palgu|Palgoe|Pulgo|Pulgoe|Balygu,-22.239089157585,120.16083978695001,https://collection.aiatsis.gov.au/austlang/language/a55
75,A56,Dargudi,Targudi,-23.069376057345,121.045723493040001,https://collection.aiatsis.gov.au/austlang/language/a56
76,A58,Nyamal,Pundju|Widagari|Witukari|Gnamo|Ibarga|Ibargo|Ibarrga|Namal|Namarl|Namel|Njalmal|Njamal|Njamarl|Njamat|Nyamarl|Nyamel|Pundju Njamal|Pundu Namal|Tjingkai Njamal|Wanbarda|Weedokarry|Weedookary|Widagaree|Wirdakarri,-21.220189379259,120.029408994959994,https://collection.aiatsis.gov.au/austlang/language/a58
77,A59,Ibarga,Nyangumarda|Iparuka|Kundal|Ngolibardu|Ngurlipartu|Nyangumarta|Walyirli|Wanyarli|Ibargo|Ibarrga|Jibarga|Moonyengoota|Powera|Njangamarda|Njangamada|Nyangamada|Nangamada|Nangam urda|Njangomada|Njangumada|Njangumarda|Nangumarda|Nyangumada|Nyangumata|Njadamarda|Njanja marta|Ngapakoreilitja|Ngardungardu|Warmala|I:baruga|Ngapakarna,-21.241791200905,122.3086586102,https://collection.aiatsis.gov.au/austlang/language/a59
78,A6,Maduwongga,Martu Wangka|Manjtjiltjara|Martu|Wangka|Mardu|Budijarra|Gardujarra|Giyajarra|Kartudjara|Keiadjara|Mandjildjara|Manyjilyjarra|Potidjara|Wanman|Jindi|Julbaritja|Kabul|Maduwangga|Maduwonga|Mardo|Mardudjara|Yindi|Marduwangga,-23.350911655789,123.66842240336,https://collection.aiatsis.gov.au/austlang/language/a6
79,A60,Widagari,Widugari|Nyamal|Widagari/Witukari|Pundju|Witukari|Weedokarry|Weedookarry|Widagaree|Widakari|Wirdagari|Wirdakarri|Wirdugari|Njamal|Nyamel|Namal|Njalmal|Namel|Gnamo|Tjingkai Njamal|Ibarga|Ibarrga|Ibargo|Njamat|Wanbarda|Weedookary|Pundju Njamal|Pundu Namal,-21.327989524911,120.63936664165,https://collection.aiatsis.gov.au/austlang/language/a60
80,A61,Nyangumarta,Nyangumarta|Njangumarta|Nyangumarda|Iparuka|Kundal|Ngolibardu|Ngurlipartu|Walyirli|Wanyarli|I:baruga|Ibarga|Ibargo|Ibarrga|Kularupulu|Nangamada|Nangamurda|Nangumada|Nangumarda|Nangumurdu|Ngapakarna|Ngapakoreilitja|Ngardungardu|Ngulipartu|Njadamarda|Njangamada|Njangamarda|Njangomada|Njangumada|Njangumarda|Njanjamarta|NungooMurdoo|Nyaumada|Nyangamada|Nyangumada|Nyangumata|Tjilakurukuru|Waljuli Njangamarda|Warmala|Ibarga/Ibarrga/Ibargo|Nungoomurdoo|Nyangumurtu|Nangam urda|Njanja marta,-20.479420766843,122.028958910349999,https://collection.aiatsis.gov.au/austlang/language/a61
81,A62,Warnman,Wanman|Mardu|Budijarra|Gardujarra|Giyajarra|Kartudjara|Keiadjara|Mandjildjara|Manyjilyjarra|Potidjara|Nanidjara|Nenidjara|Njanidjara|Wanman Wanman|Wanmanba|Wanmin|Warumala|Nanid jara,-22.234788799669,123.052411143930001,https://collection.aiatsis.gov.au/austlang/language/a62
82,A63,Waringari,Ngarti|Ngardi|Waiangara,0,0,https://collection.aiatsis.gov.au/austlang/language/a63
83,A64,Karajarri,Karatjarri|Karadjeri|Garadjari|Karadjari|Garadare|Garadjara|Garadjeri|Garadyari|Garadyaria|Gardare|Karadhari|Karrajarra|Murgud|Nawurtu|Ngangu|Karatyarri|Kularupulu|Laradjeri|Minala|Nadja|Nadjanadja|Nangu|Naudu|Naurdu|Nawudu|Nawurungainj|Ngawadu|Garad are,-18.817369678434,122.32262142986001,https://collection.aiatsis.gov.au/austlang/language/a64
84,A65,Mangala,Mangarla|Djualin|Djuwali|Djuwalia|Jiwali|Koalgurdi|Manala|Mangai|Mangal|Mangula|Mangunda|Minala|Mungala|Yalmbau,-19.639949066406,123.96774721505,https://collection.aiatsis.gov.au/austlang/language/a65
85,A66,Walmajarri,Walmatjarri|Walmadjari|Wolmatjeri|Wolmeri|Bililuna dialect|Djiwalinj|Djiwalinja|Djualin|Djuwali|Jiwarliny|Juwaliny|Ngadjukura|Ngainan|Nganang|Pitangu|Tjiwali|Tjiwalindja|Tjiwaling|Tjiwarlin|Walmadere|Walmadjeri|Walmadyari|Walmadyeri|Walmaharri|Walmaharry|Walmajai|Walmajari|Walmajeri|Walmatjari|Walmatjeri|Walmatjiri|Walmeri|Wanaeka|Waneiga|Wanmadjari|Warinari Pundur|Warmala|Wolmadjari|Wolmaharry|Wolmaijari|Wolmera|Wulumarai|Wulumari|Walmad jeri|Wariari Pundur|Dju alin,-19.467373171132,126.15125175948999,https://collection.aiatsis.gov.au/austlang/language/a66
86,A67,Yulparija,Yulparitja|Martu Wangka|Julbaridja|Nangatara|Yurlparija|Julbarida|Julbre|Julbri|Yulaparitya|Yulbari dja|Yulbaridja|Yulbaridya|Yulbarija|Yulbri|Yurlbaridya|YulapaRitya|Yulbaradja|Jülbre|Yuria|Yulparirra|Nangadjara|Njangadjara|Julbaritja|Ilbaridja|Nanidjara|Nangi|Mangai|Mangi,-21.183997145606,124.954501252,https://collection.aiatsis.gov.au/austlang/language/a67
87,A68,Kukatja,Gugadja|Kokatja|Gogada|Gogadja|Gogadya|Gogoda|Gogodja|Gugada|Gugadji|Gugudja|Kokata|Koonggada|Kukacha|Kukada|Kukadja|Kukaja|Kukata|Kukatji|Kukuruba|Ku kuruba|Pardoo|Julbaritja|Julbre|Ilbaridja|Nambulatji|Bedengo|Bidong|Bidungo|Peedona|Peedong|Pidung|Pidunga|Manggai|Wangkatjunga|Wangatjunga|Wangatunga|Wangkatunga|Wangkadjungga|Wankutjunga|Wanaeka|Wangu|Panara|Bunara|Boonara,-20.489447500567,127.023870414879994,https://collection.aiatsis.gov.au/austlang/language/a68
88,A69,Bunara,Ngardi|Ngardilj|Ngarti|Waringari|Boonarra|Buna:ra|Ngadi|Ngari|Ngati|Panara|Boonara|Waiangara|Kolo|Waiangari|Wain gara|Waiangadi|Warangari|Kukuruba|Woneiga|Wanayaga|Puruwantung|Buruwatung|Manggai|Munga|Walmala|Wommana,-20.709303855673,129.046456227920004,https://collection.aiatsis.gov.au/austlang/language/a69
89,A7,Tjeraridjal,Nyanganyatjara|Murunitja|Nangatadjara|Pindini|Wanggatha|Dyeraridyal,-30.431851084109,123.78318179256,https://collection.aiatsis.gov.au/austlang/language/a7
90,A70,Wadjiba,"",0,0,https://collection.aiatsis.gov.au/austlang/language/a70
91,A71,Nhugarn,"",-25.804998816598,115.47622416926001,https://collection.aiatsis.gov.au/austlang/language/a71
92,A72,Ngurlipartu,Nyangumarta|Ngolibardu|Nyangumarda|Ngolibardu/Ngurlipartu|Iparuka|Kundal|Walyirli|Wanyarli|Tjilakurukuru,-21.243272358287,122.32849994657001,https://collection.aiatsis.gov.au/austlang/language/a72
93,A73,Walyirli,Nyangumarta|Nyangumarda|Walyirli/Wanyarli|Iparuka|Kundal|Ngolibardu|Ngurlipartu|Wanyarli|Walyurli,-20.058513211385002,121.89624093275,https://collection.aiatsis.gov.au/austlang/language/a73
94,A74,Frazer Range,Fraser Range,-32.175364004514,123.47446545531,https://collection.aiatsis.gov.au/austlang/language/a74
95,A75,Bundjuwanga,"",-21.087596240294001,119.39719913486,https://collection.aiatsis.gov.au/austlang/language/a75
96,A76,Pantikura,"",-22.557802405153,118.50425378260999,https://collection.aiatsis.gov.au/austlang/language/a76
97,A77,Mijaranypa,Mitjaranjpa,-22.999689368036,118.14527522301999,https://collection.aiatsis.gov.au/austlang/language/a77
98,A78,Ju'una,Ju?una ,-22.00076295607799892,119.45541305778001,https://collection.aiatsis.gov.au/austlang/language/a78
99,A79,Yinhawangka / Innawonga,Ngarluwangka|Panytyima|Ngalawonga,-24.455778426304,119.078264085239994,https://collection.aiatsis.gov.au/austlang/language/a79
100,A8,Murunitja,Nyanganyatjara|Nangatadjara|Pindini|Tjeraridjal|Wanggatha|Kogara Mara|Mooroon|Murnidja|Murunidja|Moorooon|Mara|Kogara,-30.302385789976,126.030717478219998,https://collection.aiatsis.gov.au/austlang/language/a8
101,A80,Western Desert language,The Western Desert language,-26.337337816815,127.10810714062001,https://collection.aiatsis.gov.au/austlang/language/a80
102,A81,Mount Margaret,Mount Margaret Dialect,0,0,https://collection.aiatsis.gov.au/austlang/language/a81
103,A82,Wirdjaragandja,Wirdjabaganja|Wi:rtjapakandja,-26.304879382631,131.91107607403001,https://collection.aiatsis.gov.au/austlang/language/a82
104,A83,Njangadjadjara,"",-30.682160310788,131.49211605734999,https://collection.aiatsis.gov.au/austlang/language/a83
105,A84,Tarpuntjari,"",0,0,https://collection.aiatsis.gov.au/austlang/language/a84
106,A85,Kurajarra,Gurajarra,-22.909591398018,122.3629167104,https://collection.aiatsis.gov.au/austlang/language/a85
107,A86,Martu Wangka,"",0,0,https://collection.aiatsis.gov.au/austlang/language/a86
108,A87,Wangkajunga,Martu Wangka|Wanggadjunga,-20.576465858871,126.50323359633001,https://collection.aiatsis.gov.au/austlang/language/a87
109,A88,Juwaliny,Tjuwalinj|Walmajarri|Tjiwaliny,-20.643729665896,124.69879716782999,https://collection.aiatsis.gov.au/austlang/language/a88
110,A89,Pililuna,Walmajarri|Bililuna dialect,-19.666746356789,127.60046628947001,https://collection.aiatsis.gov.au/austlang/language/a89
111,A9,Mirning,Meening|Mining|Minninng|Mirniny|Ba:duk|Baaduk|Bardok|East Meening|East Mining|Eucla|Ikala|Ikula|Jirkala Mining|Jirkla mirning|Julbara|Julbari|Jurgala|Jurgula|Minal njunga|Mininj|Minnal yungar|Minning|Mirin|Mirningj|Murram|Ngadjadjara|Ngadjudjara|Ngadjuwonga|Ngandada|Ngandatha|Wanbiri|Wanmaraing|Warnabinnie|Warnabirri|Warnabirrie|Wonbil|Wonburi|Wonunda meening|Wonunda minung|Wonunda Mirning|Yerkla Mining|Yircla|Yirkala Mining|Yirkla|Yirkla Mining|Yurgala|Mirnin|Mirninj|Warna birrie|Wonbil also Wonburi|Jirkala Mining has another explanation for the name|Yerkla mining,-31.29303041962,128.15349327077001,https://collection.aiatsis.gov.au/austlang/language/a9
112,A90,Nyanyany,Njanjanj,0,0,https://collection.aiatsis.gov.au/austlang/language/a90
113,A91,Nyardi,Njardi,-18.622991623929,125.27550390483999,https://collection.aiatsis.gov.au/austlang/language/a91
114,A92,Tjapanmay,Nyunga|Djabanmay,-30.963892724362,117.054110729320001,https://collection.aiatsis.gov.au/austlang/language/a92
115,A93,Nhanhagardi,Nana karti|Widi|Nanakarti|Nanakarri|Wiri|Minango|Minangu|Nanakari|Nanakati|Barimaia|Jaburu,-29.217596810821,115.27495917688999,https://collection.aiatsis.gov.au/austlang/language/a93
116,A94,Witjaari,Whadjuk|Wadjuk|Wadjug|Whajook|Witja:ri|Wadjup|Juadjuk|Yooard|Yooadda|Minaln junga:|Minnal Yungar|Derbal|Karakata|Caractterup tribe|Karrakatta|Ilakuri wongi,-31.7559692038,116.21005237003,https://collection.aiatsis.gov.au/austlang/language/a94
117,A95,Natingero,"",-29.373824151559,118.36699925089999,https://collection.aiatsis.gov.au/austlang/language/a95
118,A96,Mandara,"",-23.364436323926,119.2811246941,https://collection.aiatsis.gov.au/austlang/language/a96
119,A97,Cheangwa language,"",-27.49908684106,116.4015534839,https://collection.aiatsis.gov.au/austlang/language/a97
120,A98,Kuntal,Nyangumarda|Kundal|Iparuka|Ngolibardu|Ngurlipartu|Nyangumarta|Walyirli|Wanyarli|Njangamarda|Njangamada|Nyangamada|Nangamada|Nangam urda|Njangomada|Njangumada|Njangumarda|Nangumarda|Nyangumada|Nyangumata|Njadamarda|Njanja marta|Ngapakoreilitja|Ngardungardu|Warmala|Waljuli Njangamarda|Kularupulu,0,0,https://collection.aiatsis.gov.au/austlang/language/a98
121,A99,Norseman,"",-32.241502021711,121.76261435935,https://collection.aiatsis.gov.au/austlang/language/a99
122,C1,Wirangu,Hilleri|Jilbara|Naljara|Ngoleiadjara|Nonga|Tidni|Tidnie|Titnie|Wanbiri|Wangon|Warrangoo|Willeuroo|Windakan|Wirangga|Wirongu|Wirrongu|Wirrung|Wirrunga|Yilrea|Weerung|Wanggan|Yulbara|Julbari Wonnga|Yulbara wonga|Ulbarara|Youlbara|Willuro|Wilyaru|Kartawongulta|Nhangga|Hillery|Illarie|Ngadha Wangga|Ngadhu wangga|Warna biri|Wambira,-31.535987723207,133.5220740691,https://collection.aiatsis.gov.au/austlang/language/c1
123,C10,Pintupi,Pintupi Luritja|Bindubi|Ildawonga|Wenamba|Bindaboo|Bindabu|Bindiboo|Bindibu|Bindooboo|Bindubu|Kalgonei|Kalgoneidjara|Kalguni|Loritja|Luridja|Luritja|Matjunalatara|Panika|Pi:ntubi|Pindu|Pindubu|Pintubi|Pintubidjara|Pintubitjara|Pintubu|Pintudjara|Pintularapi|Pintunala|Puntubu|Teitudjara|Wankawinan|Wenaba|Wiluraratja|Ildawongga|Puntubu; Pintubidjara|Wan kawinan|Kalgo neidjara|Matju:na latara|Panika for Pintubi|Ilda|Ilta|Manggawara|Wananwanari|Maiidjara|Maiadjara for Ildawongga,-23.370096838363,127.58170309929,https://collection.aiatsis.gov.au/austlang/language/c10
124,C11,Yumu,Luritja|Jumu|Kukatja|Loritja|Matuntara|Ngalia|Ngadadjara|Ngatatara|Pa:kulja|Ngadad jara,0,0,https://collection.aiatsis.gov.au/austlang/language/c11
125,C12,Antekerrepenhe,Antekerrepenh|Andegerebinha|Andegerebenha|Andakerebina|Undekerebina|Walwallie|Williwilli|Yanindo|Andagerebina|Antakiripina|Andeberegina|Willi willi|Yanindo|Arandic,-22.753908140735,137.62060389685001,https://collection.aiatsis.gov.au/austlang/language/c12
126,C13,Kaytetye,Kaytetj|Kayteye|Kaytej|Gaidij|Kaititja|Kaititja; Gaididj|Kadda kie|Kaitidji|Kaitije|Kaitiji|Kaitish|Kaititj|Kaititje|Kat tit ya|Kat titch a|Katitch a|Katitja|Kaititj; Gaididj|Kaddakie|Katitcha|Katitya|Kaiditj|Kaytej; Gaididj|Keytetye|Kaititj; Kaititja|Gaididj|Kattitch a,-21.019874087247999,134.06950250848999,https://collection.aiatsis.gov.au/austlang/language/c13
127,C14,Alyawarr,Aljawarra|Alyawarre|Iliaura|Aliawara|Aliwara|Aljawara|Alyawara|Ilawara|Iliama|Iljauara|Iljawara|Illiaura|Illura|Illyowra|Ilyauarra|Ilyowra|Jajuwara|Yalyuwara|Iliaura|Ilja:wara|Iljaura|Ilyaurra|Ja:wara|Aljawara|Ilaurainya|Udnla|Ilyuarra|Alyawarra|Aliawara|Alja:wara|Alyuwara|Illaura|Iloura|Ilyawara|Ilywara|Jaljuwara|Yalyuwara |Alyawerr|Alja:wara|Alyawarri|Arandic,-21.94837099764,135.53444633563001,https://collection.aiatsis.gov.au/austlang/language/c14
128,C15,Warlpiri,Warlpiri|Lander Warlpiri|Ngalia|Walbiri|Walmalla|Walpiri|Waneiga|Warlmala|Walpiri|Alpira|Alpiri|Elpira|Ilpara|Ilpira|Ilpirra|Nambulatji|Njambalatji|Ulperra|Wailbri|Walbrai|Walbri|Waljbiri|Waljpiri|Walpari|Warrabri|Wolperi|Wolpirra|Walbiri|Waibry|Nambutj|Nambutju|Nambutj|Waibri|Walbiri|Albura|Boonara|Bunara|Buruwatung|Ipara|Jalpiri|Kolo|Kukuruba|Manggai|Munga|Nambuda|Nanbuda|Ngadi|Ngali|Ngaliya|Ngallea|Ngallia|Ngardi|Ngari|Ngarilia|Ngarliya; Warrmarla; Warnayaka; Ngardilypa|Yarlpiri|Njalia|Ooldean|Panara|Puruwantung|Waiangadi|Waiangara|Waingara|Wakirti Warlpiri|Walmala|Walmanba|Wanaeka|Wanajaga|Wanajaka|Wanajeka|Wanayaga|Warangari|Waringari|Warniaka|Warramulla|Wawilja|Wommana|Woneiga|Nam bulatji|Wal bri,-20.433595605496,131.05240928360999,https://collection.aiatsis.gov.au/austlang/language/c15
129,C15.1,Wakirti Warlpiri,Warlpiri|Eastern Warlpiri|Ali Curung|Hanson River Warlpiri|Warrabri Warlpiri|Ali Curung Warlpiri; Warrabri Warlpiri|Wageer|Wager|Wagier|Wagir|Wahgir|Wahkeer|Wahker|Wahkier|Wahkir|Wakeer|Waker|Wakier|Wakir|Wargir|Warkeer|Warker|Warkier|Warkir|Wugir|Wukeer|Wuker|Wukier|Wukir|Warlpri,-20.672093316621,133.094528806910006,https://collection.aiatsis.gov.au/austlang/language/c15.1
130,C16,Wakaya,Wagaya|Other Australian Indigenous Languages|Wakaja; Akaja|Arkiya|Lee wakya|Ukkia|Waagai|Waagi|Wagai|Wagaiau|Wagaja|Waggaia|Warkaia|Warkya|Wogaia|Woorkia|Worgai|Worgaia|Workaia|Workia|Worrkii|Wakaya; Leewakya|Wakaja|Wakkaja|Worki a|Wuga|Wagaia|Leewakya|Workii|Akaja,-20.152907594635,136.16914722058999,https://collection.aiatsis.gov.au/austlang/language/c16
131,C17,Warlmanpa,Walmanba|Wanmampa|Walmamba|Warlmanpa; Walmanba|Walmunba|Wanmanpa|Warlmanba|Walmala|Walmanpa|Walpiri|Albura|Alpira|Alpiri|Elpira|Ilpara|Ilpira|Ilpirra|Nam bulatji|Njambalatji|Ulperra|Wailbri|Walbiri|Walbrai|Wal bri|Waljbiri|Waljpiri|Walpari|Wanaeka|Wanajaga|Wanajaka|Wanajeka|Waneiga|Waringari|Warrabri|Wolperi|Wolpirra,-19.249626535773,132.87100726782,https://collection.aiatsis.gov.au/austlang/language/c17
132,C18,Warumungu,Waramanga|Waramungu|Waramanga; Airamanga|Leenaranunga|Uriminga|Waramunga|Warimunga|Warramonga|Warramunga|Warrumunga|Wurmega|Warumungu; Waramanga|Warramanga|Warumunga|Warumungu; Warramunga|Airamanga|Warrmunga|Aira manga,-19.602712664845,134.50518184841999,https://collection.aiatsis.gov.au/austlang/language/c18
133,C19,Wambaya,Wambaia|Wombaya|Wambaia; Umbaia|Umbia|Wambaja|Wampaja|Wom by a|Wombaia|Wombya|Wonbaia|Yumpia|Wambaya; Umbaia|Wampaya; Umbaia|Wampaya|Wobya|Wambaya; Wambaia|Umbaia|Wailwan|Wailwin|Wailwun|Waljwan|Wamgaja|Wilwan|Ympia|Won baia,-18.173055306326,135.43105010266001,https://collection.aiatsis.gov.au/austlang/language/c19
134,C2,Ngalia,Ngaliya|Ngalea|Nambuda|Nangga|Nanggaranggu|Nanggarangku|Ngaliawongga|Ngalija|Ngallea|Ngallia|Ooldean|Tangara|Willoorara|Windakan|Willoo rara,-29.198371544364,129.48003328708,https://collection.aiatsis.gov.au/austlang/language/c2
135,C20,Gurindji,Gurindji|Kuurrinjtji|Gurinji|Kartangarurru|Korindji|Kurintji|Malngin|Tjial|Wandjira|Coorinji|Corringi|Garundji|Goarango|Guirindji|Gurindzi|Gurrinji|Guurindji|Koorangie|Kooringee|Kwarandji|Kwaranjee|We arr ung,-17.462112816687,129.80759844338999,https://collection.aiatsis.gov.au/austlang/language/c20
136,C21,Pinkangarna,Mudbura|Pinkangama|Bingongina; Bin gongina|Bugongidja|Bin Gongina|Pinkangarna; Bin Gongina|Bingongina|Pinkangana|Bin gongina,0,0,https://collection.aiatsis.gov.au/austlang/language/c21
137,C22,Jingulu,Djingulu|Djingili|Jingili|Tjingili|Tjingilu|Tjinggili|Tjingilli|Tjingali|Tjingalli|Chingalee|Chingalli|Tjingale|Tchingalee|Djingali|Djinggili|Tingalie|Leechunguloo,-17.350765267549,133.70151286315999,https://collection.aiatsis.gov.au/austlang/language/c22
138,C23,Gunindirri,Gunindiri|Kunindiri|Cundundeerie|Goonanderry|Kunandra|Kundindiri|Leecundunderrie|Gundirri|Kunindirri|Kunindiri; Cundundeerie|Leecundundeerie|Gunindiri; Kundindiri|Ku nandra,-17.669227805119,136.84465216971,https://collection.aiatsis.gov.au/austlang/language/c23
139,C24,Manu,Wandjira|Wadshara|Manoo,0,0,https://collection.aiatsis.gov.au/austlang/language/c24
140,C25,Mudburra,Mudburra|Mudbura|Mutpura|Mutpura; Madbara|Moodburra|Mootburra|Mudbara|Mudbera|Mulpira|Mudbura; Moodburra|Mudbra|Mutburra|Mudburra; Mudbura|Madbara|Mutpurra,-17.440310056236,131.90962270153,https://collection.aiatsis.gov.au/austlang/language/c25
141,C26,Gudanji,Gudandji|Ngandji|Gurdanji|Kotandji|Kurdanji|Kotandji; Anga|Angee|Gnanji|Godangee|Gundangee|Kakaringa|Koodangie|Koodanjee|Kudanji|Kudenji|Kutandji|Kutanjtjii|Kutandji; Anjee|Goarango|Goodanji|Gurandji|Koodanjie|Kuarandji|Kurandji|Kutanji; Gudandji|Kutanji|Gurdanydji|Gurdanydja; Kotandji|Anga|Anjee|Garindjari|Gudendji|Gurdandji|Gurendji|Kauarindarri|Kauarndhari|Kawarandari|Kawarandjari|Kawarindjara|Kawarindjari|Kudandji|Kudandyi|Kurtanji|Kwarandji|Nandi|Ngangi|Nganji,-16.980617001904,135.25565304117001,https://collection.aiatsis.gov.au/austlang/language/c26
142,C27,Ngarinyman,Ngarinyman|Ngarinman|Agarinman|ainman|Airiman|Hainman|Heineman|Hyneman|Nariman|Narinman|Ngaiman|Ngaimmun|Ngainman|Ngainmun|Ngarnman|Ngraimun|Ngrainmun|Ngaringman|Hairiman,-16.590380084618,130.25517727725,https://collection.aiatsis.gov.au/austlang/language/c27
143,C28,Akarre,Arrarnta|Western|Akara,-22.842506668901,135.36299175014,https://collection.aiatsis.gov.au/austlang/language/c28
144,C29,Lower Arrernte,Alenjerntarrpe|Lower Aranda|Arrernte Imarnt|Arandic,-25.954571909387,135.39280716542001,https://collection.aiatsis.gov.au/austlang/language/c29
145,C3,Kokatha,Kukatha|Kukarta|Kokata|Gugada|Cocotah|Cookutta|Geebera|Gogada|Gogoda|Gugadja|Kakarrura|Keibara|Kikataja|Kokatja|Kokit ta|Koocatho|Koogatho|Koogathoo|Koogurda|Kookata|Kookatha|Kotit ta|Ku:gurda wongga|Kugurda|Kukada|Kukata|Madutara|Maduwonga|Nganitjiddia|Nganitjidi|Nganitjini|Wanggamadu|Yallingarra|Kukatja|Matuntara|Ku gurda|Kukataja|Madu wonga|Yallingarra for Kokata|Aluna|Madun tara|Maiuladjara|Maiulatara for Matuntara,-29.659445361412,133.41535731142,https://collection.aiatsis.gov.au/austlang/language/c3
146,C30,Eastern Gurindji,Gurindji|Eastern,-17.748534509445,130.40590135075001,https://collection.aiatsis.gov.au/austlang/language/c30
147,C31,Eastern Mudburra,Mudburra|Eastern,-17.557472822989,131.99551773648,https://collection.aiatsis.gov.au/austlang/language/c31
148,C32,Eastern Ngarinyman,Ngarinyman|Eastern,-16.556038457011,130.5117546111,https://collection.aiatsis.gov.au/austlang/language/c32
149,C33,Karranga,Mudbura|Karangpurru|Karrangpurru,-16.214558371984,131.36063023451999,https://collection.aiatsis.gov.au/austlang/language/c33
150,C34,Kartangarurru,Gurindji|Korindji|Kurintji|Malngin|Tjial|Wandjira|Kartangaruru|Pirlingarna,-19.250305030825,130.48072536645,https://collection.aiatsis.gov.au/austlang/language/c34
151,C35,Kuwarranyji,Gurindji|Kwaranjee|Kwarandji|Kuwarrangu|Kooringee|Coorinji|Goarango|Gurindzi|We arr ung,-16.720940346925,132.33656219346,https://collection.aiatsis.gov.au/austlang/language/c35
152,C36,Western Mudburra,Mudburra|Western,-16.767364036194,131.45455491844001,https://collection.aiatsis.gov.au/austlang/language/c36
153,C37,Wurlayi,Gurinji,-16.341585810998,129.64782407529,https://collection.aiatsis.gov.au/austlang/language/c37
154,C38,Ngardilypa,Ngardilpa|Warlpiri|Ngardilba/Wanayaga,-19.623475796516,129.73559852572001,https://collection.aiatsis.gov.au/austlang/language/c38
155,C39,Wawulya,"",-21.804710014586,130.043868392019988,https://collection.aiatsis.gov.au/austlang/language/c39
156,C4,Yankunytjatjara,Yankuntjatjarra|Yankuntjatjara|Alinjera|Ankundjara|Everard Range Tribe|Jan gundjara|Janggunadjara|Janggundjara|Jangkudjara|Jangkuntjarra|Jangkundjadjara|Jangkundjara|Jangundjara|Jangwundjara|Jankundjadjara|Jankundjara|Jankundjindjara|Jankuntjatara|Jankuntjatjara|Jankunzazara|Jankunzazzara|Kaltjilandjara|Nankundjara|Wirtjapakandja|Wirtjapokandja|Yangkuntjatjara|Yangundjadjara|Yangundyadyara|Yankundyari|Yankunjara|Yangundjara|Yankuntjara|Yangkundjara|Everard Range Tribe’|Jan kundjadjara|Jan kundjindjara|Nan kundjara,-26.623693675417,132.26055292731999,https://collection.aiatsis.gov.au/austlang/language/c4
157,C40,Warnayaka,Wanayaga|Woneiga,-19.738704877106,130.70306898370001,https://collection.aiatsis.gov.au/austlang/language/c40
158,C41,Yarlpiri,Lander Yalpari,-20.483628749587,132.13197487778001,https://collection.aiatsis.gov.au/austlang/language/c41
159,C42,Warrmarla,Walmala|Warlmanpa|Warrmarrla,-20.509421177708,129.7478641491,https://collection.aiatsis.gov.au/austlang/language/c42
160,C43,Ngaliya,Warlpiri,-21.808698092336,131.18671260694001,https://collection.aiatsis.gov.au/austlang/language/c43
161,C44,Wenamba,Wenanba|Wankawinan|Kalgonei|Wanudjara|Pintularapi|Mangawara|Kalguni|Widanda|Tjurti,-23.708424679344,128.74924157807999,https://collection.aiatsis.gov.au/austlang/language/c44
162,C45,Nyiwanawu,"",-16.339209303677,129.68231936840999,https://collection.aiatsis.gov.au/austlang/language/c45
163,C46,Pertame,Arandic,0,0,https://collection.aiatsis.gov.au/austlang/language/c46
164,C47,Western Arrarnta,Aranda|Tyuretye Arrernte|Western Aranda|Arrarnta|Western Aranta|Arinta|Arranda|Arrinda|Arrundta|Arrunta|Arunda|Arunndta|Arunta|Urrundie|Western Arrernte|Ur rundie|Arandic,0,0,https://collection.aiatsis.gov.au/austlang/language/c47
165,C5,Antikarinya,Antikarinya|Antakarinya|Antakarinja|Andagirinja|Aldolinga|Alinjerra|Aluna Aluna|Andagarindja|Andagarinja|Andakirinja|Andayarinja|Andegilliga|Andekarinja|Andekerinja|Andgari|Andigari|Andigarina|Andigarinya|Andigidini|Andigiri|Andigirinji|Andigiriny|Andingari|Andjirigna|Andjiringna|Andongerry|Andrgrinji|Andugarinja|Anjirigna|Antakerinya|Antakerrinya|Antakirinha|Antakirinja|Antegarinya|Antekarinja|Anterrikanya|Antigari|Antigerinya|Antingari|Antingerrie|Gunmarang|Kadjilaranda|Maduntara|Madutara|Maiuladjara|Maiulatara|Manangari|Matjutu|Matuntara|Matutara|Mau|Maung|Mauung|Mbenderinga|Mularatara|Ngonde|Njuntundjara|Southern Loritja|Tangara|Untergerrie|Unterrgerrie|Walarangunja|Walarenunga|Yandairunga|Yanido|Andingiri|Andagarinya|Antin gari|Aluna,-27.029789016407999,134.016635672720014,https://collection.aiatsis.gov.au/austlang/language/c5
166,C6,Pitjantjatjara,Pitjantjatjarra|Bidjandjadjara|Pitjantjara|Bidjandja|Bidjandjara|Bidjuwongga|Bidyandyadyara|Bindjandjadjara|Gunggawara|Ituarre|Jabu|Kalgonei|Mamoo|Mamu|Mangawara|Mulatara|Nangatadjara|Njangadjadjara|Nyangatjatjara|Partutu|Peechintarra|Pidjandja|Pidjandjara|Pidzandza|Pijandarra|Pintularapi|Pitchentara|Pitdjandjara|Pitindjatjara|Pitjandara|Pitjandjadjara|Pitjandjara|Pitjanjarra|Pitjanzazara|Pitjendadjara|Pitjentara|Pitjindjatjara|Pitjindjiara|Pitjinjara|Pitjinjiara|Pitjintara|Pitjintjitjira|Pitkindjara|Pituari|Tjitiadjara|Tjurti|Wankawinan|Wanudjara|Widanda|Widjandja|Wirtjapakandja|Wongapitcha|Wongapitja|Wongapitjira|Bidjandjadjara/Njangadadjara|Pid jandjara|Woga pitja,-25.664115063165,130.065503849000009,https://collection.aiatsis.gov.au/austlang/language/c6
167,C7,Kukatja,"",0,0,https://collection.aiatsis.gov.au/austlang/language/c7
168,C7.1,Luritja,Luritja|Pintupi Luritja|Jumu|Kukatja|Loritja|Matuntara|Ngalia|Aluratja|Aluratji|Aluridia|Aluridja|Lo rit ya|Loorudgee|Loorudgie|Loritcha|Loritya|Luridja|Luritcha|Lurritji|Maiulatara|Manggai|Mulatara|Nambulatji|Panara|Pardoo|Peedona|Peedong|Uluritdja|Wanaeka|Wangatjunga|Wangatunga|Wangkadjungga|Wangkatjunga|Wangkatunga|Wangu|Wankutjunga|Western Loritja|Gogadja|Gugada|Gugadja|Juluridja|Kukacha|Kukadja|Kukata|Ulur itdja,-24.947084972136,133.15190280426,https://collection.aiatsis.gov.au/austlang/language/c7.1
169,C8,Arrernte,Aranda|Ikngerripenhe|Eastern Aranda|Mparntwe Arrernte|Central Aranda|Tyuretye Arrernte|Arrernte Alturlerenj|Western Aranda|Pertame|Southern Aranda|Arrarnta|Western|Eastern|Aldolanga|Aldolinga|Alitera|Aranta|Arinta|Arranda|Arrinda|Arrundta|Arunda|Arrunta|Arunndta|Arunta|Arunta Ulpma|Burringah|Herrinda|Ilpma|Jairunda|Oiljpma|Paroola|Pirdima|Pitjapitja|Pitjima|Ulpma|Urrundie|Waitjinga|Wonggaranda|Wongkatjeri|Wychinga|Western Arrernte|Eastern Arrernte|Sourthern Aranda|Southern|Arrente|Burrin gah|Ur rundie,-23.912769752563,134.26092317523,https://collection.aiatsis.gov.au/austlang/language/c8
170,C8.1,Anmatyerr,Anmatjirra|Anmatyerre|Anmatjera|Unmatjera|Imatjera|Urmitchee|Anmadjara|Anmatjere|Anmajirra|Nmatjera|Anmatjara|Janmadjara|Janmadjari|Janmatjiri|Yanmedjara|Yanmadjari|Arandic,-22.254652760404,133.26225290119999,https://collection.aiatsis.gov.au/austlang/language/c8.1
171,C9,Wanggamala,Wongkamala|Wonkamudla|Wonggaman|Wonggawan|Wonkamala|Wanggamanha|Wangkamana|Wangkamala,0,0,https://collection.aiatsis.gov.au/austlang/language/c9
172,D1,Wemba Wemba,Wamba Wamba|Wembawemba|Wambawamba|Womba|Weumba|Waamba|Yambayamba|Yamba|Wiembar|Wamba wamba|Yamba yamba|Swan Hill tribe|Moulmein dialect Moolamiin|Lake Boga dialect|The neighbourhood of Lake Boga|probably Moorebat|the Lower Loddon dialect|Kerang|Loddon R|dialect|Wa amba|Wamba|Wemba wemba|Lake Boga tribe|Waimbi waimbi|Wambo wambo|Waimbu Waimbu|Boga tribe|Wemberwemba|Waimbiwaimbi|WembaWemba|Jambajamba|Gourrmjanyuk|Gorrmjanyuk,-35.341221572939,144.1419050467,https://collection.aiatsis.gov.au/austlang/language/d1
173,D10,Wiradjuri,Wiradhurri|Wirratherie|Wirradgerry|Waradgery|Woradgery|Wiradhuri|Jeithi|Berrembeel|Junamildan|Wagga tribe|Waradgeri|Warandgeri|Warradjerrie|Warrai Durhai|Wayradgee|Weeragurie|Weerarthery|Weorgery|Weradgerie|Werogeri|Werogery|Wiiradurei|Wiiratheri|Wir rajer ree|Wira athoree|Wira durei|Wira shurri|Wiradhari|Wiradjari|Wiradjeri|Wiradjwri|Wiradthery|Wiradthuri|Wiradurei|Wiraduri|Wiradyuri|Wiragere|Wiraijuri|Wirajarai|Wirajeree|Wirajerry|Wirashuri|Wirathere|Wiratheri|Wiraturai|Wirotheree|Wirra jerre|Wirrajerre|Wirra athoree|Wirra dhari|Wirra dthoor ree|Wirra dthooree|Wirracharee|Wirrach arree|Wirraddury|Wirradhurri|Wirradjerri|Wirradjery|Wirraiyarrai|Wirrai yarrai|Wirraidyuri|Wirraijuri|Wirrajeree|Wirrajerry|Wirrathuri|Wooradgery|Woorajuri|Wooratheri|Wooratherie|Woradgery|Woradjera|Woradjerg|Wordjerg|Wuradjeri|Wira Athorree|Wi iratheri|Wiratu rai|Woorad gery|Wir ra jer ree|Kunamildan,-33.909180160775,147.25734640664999,https://collection.aiatsis.gov.au/austlang/language/d10
174,D11,Pulaali,Paakantyi|Bulaali|Bulalli|Bolali|Maljangapa|Wiljakali|Pulaali|Pulakali|Maljangaba|Malya napa|Mulya napa|Mulya nappa|Milya uppa|Mullia arpa|Muliaarpa|Malynapa|Malja:pa|Malyapa|Nalyanapa|Malgangara|Karikari|Bulali for Maljangapa|Wilyakali|Wiljali|Wiljagali|Willoo|Bo arli|Bulali for Wiljakali,-31.489576620619,141.76979414305001,https://collection.aiatsis.gov.au/austlang/language/d11
175,D12,Paakantyi / Paakantji / Barkindji,Paakantyi|Baagandji|Darling|Barkindji|Ba:gundji|Baagandyi|Bagandji|Bagundji|Bahkunji|Bahkunjy|Bahroongee|Bahroonjee|Bakandi|Bakandji|Bakanji|Bandjagal|Bandjangali|Bargunji|Barindji|Barinji|Barkinghi|Barkinjee|Barkinji|Barkungee|Barkunjee|Barongee|Baroongee|Barrengee|Barrongee|Barundji|Barundyi|Barunga|Barungi|Beriait|Berri ait|Berriait|Bpaagkon jee|Bpaaroon jee|Bpaaroo|Bungyarlee|Burunga|Kaiela|Kornoo|Kurnu|Mailpurglu|Mil pulko|Ngunnhalgri|Pa:kindzi|Paakanji|Paakantji|Paakanytji|Pakindji|Parkengee|Parkingee|Parkungi|Parkunji|Paroinge|Paroo|Parooinge|Paru|Paruindi|Paruindji|Paruinji|Parundji|S|Baigundji|Unelgo|Wimbaja|Ba:gandji|Barkandji,-31.633175083239,142.77798606907999,https://collection.aiatsis.gov.au/austlang/language/d12
176,D13,Wiljali,Wiljaali|Wiljakali|Bo arli|Bulali|Wiljagali|Willoo|Wiloo|Wilya|Wilyakali,0,0,https://collection.aiatsis.gov.au/austlang/language/d13
177,D14,Thangkaali,Paakantyi|Dhanggaali|Danggali|Milpulo|Dhanggagarli|Dangali|Danggadi|Tungarlee|Tongaranka|Danggagali|Tung arlee|Dthang gaa lee|Dthanggka|Dthanggha|Paritke|Paridke|Momba|Nanja|Nanjara|Nonnia|Nganya|Scotia blacks|Nju:wiki|Yakumban|Yakkumbata|Yakayok|Jakojako|Jokajoka|Yokka Yokka|Yaak yakko,-33.194077733545,140.53640678562999,https://collection.aiatsis.gov.au/austlang/language/d14
178,D15,Guyinbaraay,Gunjbaraay|Kamilaroi|Guyinbaray|Euahlayi|Gamilaroi|Juwalarai|Ualarai|Walarai|Weraerai|Wirajarai|Gunjbarai|Gunjbarri|Koinberi|Koinberri|Kawambarai|Cooinburri|Kawamparai|Koinbere|Gawambarai|Goin berai|Guinbrai|Guinberai|Mole tribe|Coo in bur ri|Wirriri|Wirriwirri|Wooratherie,-31.083766201393001,149.59996165307001,https://collection.aiatsis.gov.au/austlang/language/d15
179,D16,Wilyakali,Paakantyi|Darling|Wiljali|Wiljagali|Willoo|Bo arli|Bulali,-31.948011370457,140.99018829939001,https://collection.aiatsis.gov.au/austlang/language/d16
180,D17,Pantyikali,Paakantyi|Bandjigali|Wanjiwalku|Bandjagali|Barkindji|Milya uppa|Barkinji|Barkinjee|Barkunjee|Bahkunji|Pakindji|Pa:kindzi|Bakandji|Bahkunjy|Barkinghi|Parkungi|Par kengee|Parkingee|Bakanji|Bakandi|Bargunji|Bagundji|Bagandji|Bpaagkon jee|Kurnu|Kkengee|Kornoo|Kaiela|Wimbaja|Bandjangali,-30.49041055189,142.68465244474999,https://collection.aiatsis.gov.au/austlang/language/d17
181,D18,Wangaaypuwan,Wangaaybuwan Ngiyambaa|Wongai bun|Wonghibone|Wonjhi bon|Wonjibone|Wongi bone|Wonghibon|Wonghi|Wun gai|Wuzai|Wozai|Woyaibun|Mudall,-31.413346296302,145.81908956605,https://collection.aiatsis.gov.au/austlang/language/d18
182,D19,Nhaawuparlku,Paakantyi|Naualko|Barundji|Parundji|Bungyarlee|Nawalko|Ngunnhalgu|Ngunnhlgri|Parooige|Unelgo|Wampandi|Wampangee|Wombungee|Wompungee|Nabarlgu|Ngunnhalgri|Milpulko|Mailpurlgu|Nawalgu|Nhaawu parlku,-30.970503370491,144.16616439373001,https://collection.aiatsis.gov.au/austlang/language/d19
183,D2,Yorta Yorta,Yota Yota|Bangerang|Jotijota|Yoda Yoda|Arramouro|Benhedore|Jabulajabula|Jodajoda|Moira|Narinari|Ngarimawuru|Ngarrimouro|Ngarrimowra|Wollithiga|Woollathura|Yabulayabula|Yoorta|Yorta yorta|Yotayota|Joda Joda|Yotta Yotta|Yabola|Yota yota|Yota|Gunbowers|Gunbowerooranditchgoole|Loddon tribe|Ngarrimowro|Wol lithiga|Echuca tribe,-36.093929709321003,145.26357989848,https://collection.aiatsis.gov.au/austlang/language/d2
184,D20,Wayilwan,Wailwan|Ngiyarnbaa|Walywan|Wilwan|Wallwan|Wailwun|Wilawun|Weilwun|Waal won|Wile Wan|Wali|Waljwan|Ngiumba|Wahoon,-31.01810658386,148.026820450349987,https://collection.aiatsis.gov.au/austlang/language/d20
185,D21,Wanyuparlku,Paakantyi|Wandjiwalgu|Wanjiwalku|Kongait|Pernowie|Pernowrie|Pono|Tongaranka|Wandjiwalku|Wanjwalgu|Wanyabalku|Wanyuwalgu|Weyneubulkoo|Weynoubulkoo|Wongimalko|Wonipalku|Wonjimalku|Wanyubarlgu|Wanjubalgu|Wonji malku,-31.900964139867,142.34248476373,https://collection.aiatsis.gov.au/austlang/language/d21
186,D22,Ngiyampaa / Ngempa,Ngiyambaa|Other Australian Indigenous Languages|Ngiyampaa|Wangaaybuwan Ngiyambaa|Wailwan|Wongaibon|Waljwan|Weilwan|Ngemba|Wangaaypuwan|Gaiamba|Narran|Negunbah|Ngaiamba|Ngamba|Ngambar|Ngeumba|Ngeunbah|Ngiamba|Ngiemba|Ngiumba|Ngiyamba|Ngjamba|Ngjemba|Ngumbarr|Njemba|Noongaburrah|Nyamba|Ugumba|Gai amba,-31.270264244145,146.70455496219,https://collection.aiatsis.gov.au/austlang/language/d22
187,D23,Gamilaraay / Gamilaroi / Kamilaroi,Euahlayi|Guyinbaray|Juwalarai|Ualarai|Walarai|Weraerai|Wirajarai|Kamilarai|Kamilroi|Kamalarai|Koomilroi|Gunilroi|Guminilroi|Gumilray|Camleroy|Euhahlayi|Gamilray|Northern Gamilaraay|Peel River language|Kamilaori|Kamilari|Kamu|laroi|Kaameelarrai|Kamileroi|Komleroy|Gamilroi|Kahmilaharoy|Kamilary|Gumilroi|Gummilroi|Gummilray|Kimilari|Karmil|Kamil|Comleroy|Ghummilarai|Cammealroy|Kahmilari|Kakmilari|Cumilri|Cam ell eri|Cum milroy|Cummeroy|Gunnilaroi|Kahml Duhai|Yauan|Tjake|Tyake|Gomeroi,-29.723058192008,149.83337242515,https://collection.aiatsis.gov.au/austlang/language/d23
188,D24,Southern Anaiwan,Nganjaywana|Aneewan|Aniwan|Inuwon|Nganyaywana|Anaiwan|Anewan|Amberu|Anaywan|Ee na won|En nee win|Eneewin|Enniwon|Enuin|Inuwen|Inuwon|Nee inuwon|Newana|nganyaywana|Nowan|Yenniwon|Dariwan|Eenewon|Narwon|Enni won|Inuwan,-30.709868104953,151.35246833970001,https://collection.aiatsis.gov.au/austlang/language/d24
189,D25,Kurnu,Paakantyi|Gurnu|Guula|Darling|Gunu|Kula|Cornu|Ee na won|Gu:nu|Gu:rnu|Guerno|Guno|Koono|Koonoo|Kornoo|Kornu|Kuno|Noolulgo,-29.759777534421,145.33081111551999,https://collection.aiatsis.gov.au/austlang/language/d25
190,D26,Barranbinya,Barranbinja|Baranbinja|Barren binya|Barrumbinya|Barrunbarga|Burrabinya|Burranbinga|Burranbinya|Burrumbinya|Burrunbinya|Parran binye|Barabinja|Baranbinya|Burrun binya,-29.780229344439,146.26865590138999,https://collection.aiatsis.gov.au/austlang/language/d26
191,D27,Yuwaalaraay,Wiraiari|Kamilaroi|Juwalarai/Ualarai|Euahlayi|Gamilaroi|Guyinbaray|Juwalarai|Ualarai|Walarai|Weraerai|Wirajarai|Yuwalarai|Jualrai|Yualarai|Yualloroi|Yowaleri|Uollaroi|Youallerie|Yualari|Yualai|Yualeai|Yerraleroi|Yowairi|Yuolary|Eu ahlayi|Yourilri|Youahlayi|Jualjai|Juwaljai|Yuwalyai|Wallarai|Wolleroi|Walleri|Woleroi|Wollaroi|Gingi|Brewarrana tribe,-29.313148522145,148.27553456003,https://collection.aiatsis.gov.au/austlang/language/d27
192,D28,Wiriyaraay,Wirayaraay|Wiriwiri|Kamilaroi|Weraerai|Euahlayi|Gamilaroi|Guyinbaray|Juwalarai|Ualarai|Walarai|Wirajarai|Wirraiyarrai|Wiri Wiri|Wirriyaraay|Wiraiarai|Weraiari|Wirri Wirri|Wirraarai|Warlarai|Wolroi|Wolleri|Waho lari|Wolaroo|Walari|Wolaroi|Woo laroi|Ginniebal|Mooran Mooran,-29.112870825158,150.62140940021001,https://collection.aiatsis.gov.au/austlang/language/d28
193,D29,Gambuwal,Kambuwal|alternative for Ngarabal|Cambooble|Gambabal|Gambubal|Kaoambul|Kaombal|Gambu bal,-28.618861092101,151.44156088699,https://collection.aiatsis.gov.au/austlang/language/d29
194,D3,Ngunawal / Ngunnawal,Gundungurra|Burragorang|Gurungada|Ngaonawal|Ngennigenwurro|Ngoonawal|Nungawal|Wonnawal|Yarr|Yiilima,-34.980295513415,149.087095180700004,https://collection.aiatsis.gov.au/austlang/language/d3
195,D30,Kullilli,Galali|Ngura|Kullilla|Bitjara|Kalali|Minkabari|Garlali|Kalili|Kullali|Kullalli|Kullally|Karlali|Kalali,-28.366143521316,143.53149314446,https://collection.aiatsis.gov.au/austlang/language/d30
196,D31,Budjari / Badjiri,Ngura|Badjidi|Badjeri|Baddyeri|Byjerri|Baderi|Poidg erry|Badjedi|Bädjäri,-28.433641163697,145.22780328434001,https://collection.aiatsis.gov.au/austlang/language/d31
197,D32,Muruwari / Murrawarri,Muruwari|Muruwarri|Murawarri|Morowari|Marawari|MarraaWarree|Maruwari|Moorawarree|Moorawarrie|Morewari|Murawari|Murrawari|Murrawarri|Murri|Murueri|Muruworri|Muruwurri|Yacko Yacko|Marraawarree|Murra warri,-29.068179253638,145.79809046768,https://collection.aiatsis.gov.au/austlang/language/d32
198,D33,Kooma / Guwamu,Guwamu|Koamu|Culgoa|Goamu|Gowamu|Gruwamu|Guamu|Kaombal|Kuam|Kuamu|Oamu,-28.414552287234,147.72491882974001,https://collection.aiatsis.gov.au/austlang/language/d33
199,D34,Bigambul,Bigambal|Pikambul|Bee gum bul|Beegumbul|Begumble|Bigabul|Bigambel|Bigumble|Bigunbil|Peekumble|Pickimbul|Pickum bul|Pickumbil|Pickumble|Picum bul|Picumbill|Pikambal|Pikum bul|Pikumbal|Pikumbil|Pikumbul|Pikumpal|Preagalgh|Pregalgh|Wee n gul la mbul|Wigal wollumbul|Bigumbil|Wee n gul la m bul,-28.141392890643,150.17482703915999,https://collection.aiatsis.gov.au/austlang/language/d34
200,D35,Guyambal,Ngarabal|Kwiambal|Yugambal|Cambooble|Gambabwal|Gwaimbal|Kaoambal|Kwaimbal|Koi|Kweembul|Quieumble|Queenbulla,-29.340515876202,151.24860194364001,https://collection.aiatsis.gov.au/austlang/language/d35
201,D36,Geynyan,Gee en yun|Gee enyun|Keinjan|Wawpa|Geinjan|Geinyan|Gheeannun|Keinyan,-28.183476133671,152.1836091392,https://collection.aiatsis.gov.au/austlang/language/d36
202,D37,Gunggari,Kunggari|Congaro|Coongurri|Goon garee|Goongurri|Gungari|Kogai|Kogurre|Kokaburra|Koongerri|Koonkerri|Koonkurri|Kungeri|Kungri|Kunkari|Kunngkari|Kuungkari|Ngaragari|Tarawalla|Torraburri|Ungerri|Unggari|Unggri|Unghi|Ungorri|Yangeberra|Yangeeberra|Yangeeburra|Yankibura|Yankiburra|Gungar|Nebine Gunggari,-27.368098481067,146.96021241013,https://collection.aiatsis.gov.au/austlang/language/d37
203,D38,Kogai,Benhedore|Jabulajabula|Kogai|Narinari|Ngarimawuru|Yabula Yabula|Yabulayabula|Gogai|Mandandanji|Kunggari|Barunggam|Mundaeinbura|Mundainbara|Cogai|Fishing Net people|Unggari|Kungeri|Kungri|Ungorri|Gungari|Gunggari|Goon garree|Coongurri|Unggri|Unghi|Congaro|Kogurre|Ngaragari|Barungam|Parrungoom|Murrumgama|Murrun gama|Murrumningama,-27.423378593172,147.94222355884,https://collection.aiatsis.gov.au/austlang/language/d38
204,D39,Gawambaraay,"Coo in bur ri|Gawambarai|Ginniebal|Goinberai|Guinberai|Guinbrai|Juwalarai|Kawambarai|Kawamparai|Koinbere|Koinberi|Koinberri|Kwambarai""Mole tribe""|Mooran Mooran|Waholari|Walarai|Walari|Warlarai|Weraerai|Weraiari|Wiraiarai|Wirra:arai|Wirri Wirri|Wirriri|Wirriwirri|Wolaroi|Wolaroo|Wolleri|Wolroi|Woolaroi|Wooratherie|Gawambaray|Goin berai|Mole tribe",-28.621930704733,150.32489560325001,https://collection.aiatsis.gov.au/austlang/language/d39
205,D4,Wadi Wadi,Wati Wati|Biangil|Dacournditch|Darty Darty|Nimp mam wern|Ta ta thi|Ta tathi|Taa tatty|Tar tarthee|Tatatha|Tataty|Tatitati|Tunggut|Wadiwadi|Wathiwathi|Wathi Wathi|Watiwati|Wattewatte|Watthiwatthi|Watty watty|Wattywatty|Withaija|Woani|Wodiwodi|Wohdi Wohdi|Woonyi|Wotowotti|Wotti wotti|Wottowotti|Watte|Watte Watte|Watte watte|Wotte Wotte|Watty Watty|Wot te Wot te|Wa thi wa thi|Wati wati|Wathi wathi|Ouotti Ouotti|Wathie Waithie|Wattee Wattee|Wathi Watthi|Watthi watthi|Watthi Watthi|Watty tribe|Wattu Wattu,-35.086643095474003,143.37045705254999,https://collection.aiatsis.gov.au/austlang/language/d4
206,D40,Barunggam,Wakawaka|Barunggama|Barungam|Parrungoom|Murrumgama|Murrun gama|Murrumningama|Kogai|Gogai|Cogai,-26.795066410177,150.44677287024999,https://collection.aiatsis.gov.au/austlang/language/d40
207,D41,Giabal,Barunggam|Djakunda|Jarowair|Gomaing guru|Gomainggura|Gitabal/Kitabal|Gomaingguru|Gitabal|Paiamba,-27.690382408466,151.75553008534999,https://collection.aiatsis.gov.au/austlang/language/d41
208,D42,Margany / Mardigan,Marrganj|Maranganji|Maranj|Marganj|Marnganji|Marukanji|Murgoan|Murgoin|Murngain|Marngany,-27.2729476198,144.57741054856999,https://collection.aiatsis.gov.au/austlang/language/d42
209,D43,Gunya,Gunja|Kunja|Kunya|Gu:nja|Kurnja,-26.784742672206,146.16134361505999,https://collection.aiatsis.gov.au/austlang/language/d43
210,D44,Mandandanji,Mandandanjdji|Mandandanyi|Mandandandji|Manandanyi|Mundaeinbura|Mundainbara|Kogai|Cogai|Fishing Net people|Maranoa Gunggari|Eastern Gunggari,-27.017654125538002,148.50172738516,https://collection.aiatsis.gov.au/austlang/language/d44
211,D45,Wadjalang / Dharawala,Dharawala|Nguri|Wadjelang|Wadjalany,-25.63531758302,145.27186654614999,https://collection.aiatsis.gov.au/austlang/language/d45
212,D46,Nguri,Gnoree|Ngoorie|Njoorie,-25.60232388078,147.80237722302999,https://collection.aiatsis.gov.au/austlang/language/d46
213,D47,Paaruntyi,Paaruntyi|Paakantyi|Barundji|Naualko|Parundji|Baarundji|Paruindji|Paruindi|Paruinji|Pa roinge|Barungi|Barinji|Bahroonjee|Baroongee|Bahroongee|Barrengee|Parooinge|Barunga,-29.458222632844,144.31458964109001,https://collection.aiatsis.gov.au/austlang/language/d47
214,D48,Parrintyi,Paakantyi|Barrindji|Bandjigali|Barindji|Barundji|Paruindi|Paruinji|Parooinge|Barungi|Barinji|Bahroonjee|Barongee|Barrengee|Barunga|Berri ait|Paru|Paroo|Bpaaroo|Bpaaroon jee,-32.81793803849,143.52710583976,https://collection.aiatsis.gov.au/austlang/language/d48
215,D49,Kungakuri,Gungaguri,-29.105452818179,146.39520769076,https://collection.aiatsis.gov.au/austlang/language/d49
216,D5,Barababaraba,Baraba Baraba|Baraba baraba|Baraparapa|Barappur|Bareber Bareber|Barraba barraba|Barrababarraba|Birraba birraba|Boora boora|Boorabirraba|Booraboora|Boort|Burabura|Burappa|Burapper|Burrabura ba|Burraburburaba|Burreba burreba|Karraba|Beraba Beraba|Berrapper dialect|Barrappur|Baraber|Boraipar|Boora Boora|Lower Loddon tribe|Boort tribe,-35.673702896047,144.61137635412001,https://collection.aiatsis.gov.au/austlang/language/d5
217,D50,Nuntukuri,Nunduguri,-29.871731092888,145.95244183475,https://collection.aiatsis.gov.au/austlang/language/d50
218,D51,Purukuri,Buruguri/Baderugali,-29.720394875821,144.26646237685,https://collection.aiatsis.gov.au/austlang/language/d51
219,D52,Thinuntu,Dhindundu,-29.839282822512,146.32568318367001,https://collection.aiatsis.gov.au/austlang/language/d52
220,D53,Kuntakuri,Gundaguri,-29.29726956936,146.90787753213999,https://collection.aiatsis.gov.au/austlang/language/d53
221,D54,Yuwaalayaay,Yuwaaliyaay|Euahlayi|Kamilaroi|Gamilaroi|Guyinbaray|Juwalarai|Ualarai|Walarai|Weraerai|Wirajarai|Yuwaalaraay|Yualyai|Ualari|Yualarai|Uollaroi|Yualai|Yerraleroi|Yuwalyay|Yualeai|Yualloroi|Yowaleri|Youallerie|Yualari|Yowairi|Yuolary|Eu ahlayi|Yourilri|Youahlayi|Jualjai|Juwaljai|Yuwalyai|Wallarai|Wolleroi|Walleri|Woleroi|Wollaroi|Gingi|Brewarrana tribe,-29.604408334401,147.54034422807001,https://collection.aiatsis.gov.au/austlang/language/d54
222,D55,Waalaraay,Walaraay|Kamilaroi|Walarai|Euahlayi|Gamilaroi|Guyinbaray|Juwalarai|Ualarai|Weraerai|Wirajarai,0,0,https://collection.aiatsis.gov.au/austlang/language/d55
223,D56,Muringam,Wakawaka|Barungam|Barunggam|Cogai|Gogai|Kogai|Murrumgama|Murrumningama|Murrungama|Parrungoom|Murrum ningama,0,0,https://collection.aiatsis.gov.au/austlang/language/d56
224,D57,Weraeria,Wirairai|Wallaroi|Wolroi|Walro|Wolaroi|Wullaroi,0,0,https://collection.aiatsis.gov.au/austlang/language/d57
225,D58,Jeithi,Yeidthee|Pikkolatpan,-35.512010168756,145.98132255485999,https://collection.aiatsis.gov.au/austlang/language/d58
226,D59,Milpulo,Danggali|Milpulko|Mailpurlgu|Mamba,-31.808487851526,142.41416574849001,https://collection.aiatsis.gov.au/austlang/language/d59
227,D6,Marrawarra,Paakantyi|Marawara|Maraura|Bandjigali|Berlko|Berri ait|Ilaila|Mara:wara|Mareaura|Mareawura|Marewera|Maroura|Marowera|Marowra|Marraa Warree|Waimbio|Wiimbaio|Wiimbo|Wimbaja|Jakajako|Yaakoyaako|Waimbo|Wiimpaya|Mare aura|Beriko,-33.666362899319,141.44864580426,https://collection.aiatsis.gov.au/austlang/language/d6
228,D6.1,Kureinji,Keramin|etc|Gureinji|Karin|Kerinma|Karinma|Karingma|Orangema|Kemendok|Pintwa|Gure:ndji|Gurendji|Kureinyi|Kareingi|Ka rinma|Grangema|Garnghes|Kinenekinene|Kianigane|Jungeegatchere,-34.23140408313,142.42165314347,https://collection.aiatsis.gov.au/austlang/language/d6.1
229,D60,Wirrīwirrī,Wiriwiri,0,0,https://collection.aiatsis.gov.au/austlang/language/d60
230,D61,Southern Paakantyi,Paakantyi|Baagandji|Darling|Southern Baagandji|Bagundji|Barkindji|Barkinji|Barkungee|Bahkunji|Bahkunjy|Parkungi|Parkengee|Bakanji|Bakandi|Bargunji|Southern Bagundji|Barkinjee|Barkunjee|Pakindji|Pa:kindzi|Bakandji|Barkinghi|Par kengee|Parkingee|Bagandji|Bpaagkon jee|Kurnu|Kkengee|Kornoo|Kaiela,-32.72158778043,142.56509973384999,https://collection.aiatsis.gov.au/austlang/language/d61
231,D62,Canberra language,Nyamudy,-35.47495743535,148.99849573155001,https://collection.aiatsis.gov.au/austlang/language/d62
232,D63,Northern Dharawal,Geawegal|Gwegal|Gwiyagal|Gweagal|Guyagal,0,0,https://collection.aiatsis.gov.au/austlang/language/d63
233,D64,Northern Anaiwan,"",-30.127552320636,151.47627148347999,https://collection.aiatsis.gov.au/austlang/language/d64
234,D65,Wirraayaraay,Wiraiari|Weraerai|Wiraiarai|Weraiari|Wirri Wirri|Wirraarai|Warlarai|Wolroi|Wolleri|Waho lari|Wolaroo|Walarai|Juwalarai|Walari|Wolaroi|Woo laroi|Ginniebal|Mooran Mooran,-32.098396244093998,148.58652998810001,https://collection.aiatsis.gov.au/austlang/language/d65
235,D66,Wirraay-wirraay,Wirayaraay|Wiriwiri|Wiri Wiri|Weraerai|Wirraiarai|Wiraiarai|Weraiari|Wirri Wirri|Wirraarai|Warlarai|Wolroi|Wolleri|Waho lari|Wolaroo|Walarai|Juwalarai|Walari|Wolaroi|Woo laroi|Ginniebal|Mooran Mooran,-28.219526919058,148.19709698835999,https://collection.aiatsis.gov.au/austlang/language/d66
236,D67,Wadi Wadi (piangil),"",0,0,https://collection.aiatsis.gov.au/austlang/language/d67
237,D68,Burabura,"",0,0,https://collection.aiatsis.gov.au/austlang/language/d68
238,D69,Himberrong,"",0,0,https://collection.aiatsis.gov.au/austlang/language/d69
239,D7,Yitha Yitha,Jitu Jitu|Yida Yida|Bayangil|Eetha Eetha|Eethanaeetha|Eethee Eethee|Eethie Eethie|i7a Yida|Ita ita|Itaiithi|Itaita|Ithi ithi|Iti iti|Jida Jida|Jitajita|Tjuop|Yetho|Yit tha|Yitha|Yitsa|Ithiithi|Eethaeetha|Yitayita,-33.873186078177,143.94091280463999,https://collection.aiatsis.gov.au/austlang/language/d7
240,D70,Inuwon,"",0,0,https://collection.aiatsis.gov.au/austlang/language/d70
241,D71,Galali,"",0,0,https://collection.aiatsis.gov.au/austlang/language/d71
242,D8,Mutti Mutti / Muthi Muthi,Madhi Madhi|Madi Madi|Bakiin|Mataua|Matimati|Matthee matthee|Moorta Moorta|Mudhi Mudhi|Muthimuthi|Muti muti|Muttee Muttee|Madimadi|Mutte Mutte|Madi madi,-33.753156051553,142.72174530242,https://collection.aiatsis.gov.au/austlang/language/d8
243,D9,Nari Nari,Narinari|none,-34.418687133543,144.40002706440001,https://collection.aiatsis.gov.au/austlang/language/d9
244,E1,Geawegal,Garewagal|Geawagal|Geawe gal|Gweagal|Gweawegal|Gwegal|Keawaikal|Keawekal|Kawawaykal,-32.519798571807,151.21169696793001,https://collection.aiatsis.gov.au/austlang/language/e1
245,E10,Yaygirr,Kumbainggar|Gumbainggir|Jiegera/Yaygir|Baanbay|Banbai|Gamlamang|Jiegera|Kumbainggiri|Yaygir|Yuungay|Jeigir|Ji:gara|Jireigir|Jungai|Yaegl|Yegera|Yegir|Yiegera|Youngai,-29.686722970453,153.18784362555999,https://collection.aiatsis.gov.au/austlang/language/e10
246,E11,Yugambal,Yugambal: Ngarrabul|Ngarrbal|Ngarabal|Kwiambal|Jugambal|Jukambal|Jukambil|Marbul|Narbul|Ngarabul|Ngarrabul|Pregalgh|Ucumble|Ukumbil|Yacambal|Yirimbil|Yoocomble|Yoocumbill|Yookambul|Yookumbil|Yookumbill|Yookumble|Yookumbul|Yucomble|Yugarabul|Yugumbil|Yukambal|Yukambil|Yukumba|Yukumbil|Yukumbul|Yurimbil,-29.757441239373,151.05011430543999,https://collection.aiatsis.gov.au/austlang/language/e11
247,E12,Bundjalung,Bandjalang|Arakwal|Badjulung|Banjalang|Birihn|Dinggabal|Geinyan|Gidabal|Jukambal|Jukambe|Kalibal|Keinjun|Kitabal|Minjunbal|Ngarahgwal|Nyangbal|Wahlubal|Widjubal|Wiyabal|Wudjehbal|Yugambeh|Badjalang|Badjelang|Bandjalong|Bandjelang|Bandyalang|Beelia|Beeloo|Bogganger|Budulung|Buggul|Bundala|Bundel|Bundela|Bundjulung|Bundyulen|Bunjellung|Derbal|Ilakuri wongi|Juadjag|Juadjek|Juadjuk|Karakata|Karrakatta|Minal njunga|Minalnjunga|Minnal Yungar|Mooro|Murram|Paikalyug|Paikalyung|Swan River Tribe|Wadjug|Wadjuk|Wadjup|Wajuk|Watchee|Whadjuk|Whajook|Widje|Witja:ri|Witjari|Woomargou|Yooadda|Yooard|Yoongar|Yuard|Yuatjek|Yungar|Yungur|Bandjalung,-29.251261354257,153.075153736739992,https://collection.aiatsis.gov.au/austlang/language/e12
248,E13,Arakwal,Aragwal|Arakawal|Coo al|Gundurima|Jahwun Jere|Jawjumjeri|Kagung|Kahwul|Kogung|Lismore tribe|Naiang|Njung|Nyung|Tugurimba|Yawkum yore|Gundurimba|Jawhumjeri|Yawkum yere,0,0,https://collection.aiatsis.gov.au/austlang/language/e13
249,E14,Gidhabal,Githabul|Gidabal|Bandjalang|Kidabal|Kidjabal|Kita bool|Kittabool|Kitabool|Kitapul|Gidabul|Gidjoobal|Kuttibul|Noowidal,-28.501057231671,152.32034553451999,https://collection.aiatsis.gov.au/austlang/language/e14
250,E15,Galibal,Galival|Kalibal|Moorung moobar|Murwillumbah,-28.533264350058,152.86681397040999,https://collection.aiatsis.gov.au/austlang/language/e15
251,E15.1,Wiyabal,"",-28.732615276778,153.23610975968001,https://collection.aiatsis.gov.au/austlang/language/e15.1
252,E16,Wiyabal,Wudjeebal|Buggula|Ettrick tribe|Noowidal|Nowgyjul|Waibra|Wailbra|Watchee|Watji|Widjabal|Widje|Wijabal|Wuje|Wudjebal,-29.308028778101,152.22822492229,https://collection.aiatsis.gov.au/austlang/language/e16
253,E16.1,Dinggabal,"",-28.737752812117,152.28443782047,https://collection.aiatsis.gov.au/austlang/language/e16.1
254,E16.2,Wahlubal,Waalubal|We:labal|Welabal,-28.88761183938,152.50792193364001,https://collection.aiatsis.gov.au/austlang/language/e16.2
255,E17,Yugambeh,Yugumbir|Yugambal|Chepara|Chipara|Cudgingberry|Gando Minjang|Gandowal|Gendo|Gindobal|Goodjingburra|Jugambal|Jugambeir|Jugumbir|Jukam|Jukamba|Jukambe|Manaldja:li|Minjambuta|Minjangbal|Minjungbal|Minyambuta|Minyowa|Minyung|Mogul lumbitch|Ngandowul|Tjapera|Tjipara|Yögum|Yoocum|Yoocumbah|Yugambir|Yuggum|Yugimbir|Yukambe|Yukum|Yukumbir|Yugumbal|Yugumbee|Gurgun Mibinyah,-28.094527689189999,152.98125597436001,https://collection.aiatsis.gov.au/austlang/language/e17
256,E18,Minyangbal,Minjangbal|Yugambal|Minjanbal|Boggangar|Minyowa|Minyung|Wangerriburra|Minjungbal|Gendo|Gando Minjang|Gan dowal|Ngandowul|Cudgingberry|Cood jingburra,-28.554389638963,153.49811937589999,https://collection.aiatsis.gov.au/austlang/language/e18
257,E19,Jandai,Janday|Coobenpil|Djandai|Djandawal|Djendewal|Dsandai|Goenpul|Jendairwal|Jundai|Koenpal|Koenpel|Noogoon|Tchandi|Tschandi|Quandamooka,-27.772890083261,153.39910442668,https://collection.aiatsis.gov.au/austlang/language/e19
258,E2,Warrimay,Warimi|Worimi|Gringai|Gadang|Kattang|Kutthung|Gutthan|Warrimee|Warrimi|Warrimay tribe|Molo|Bahree|Karrapath|Carapath|Warrangine|Wannungine,-32.486841132412,151.99694638643001,https://collection.aiatsis.gov.au/austlang/language/e2
259,E20,Duungidjawu,Wakawaka|Dungidjau|Dalla|Ngoera|Jarbu|Jinibara|Djunggidjau,-26.973148636344,152.57414043031,https://collection.aiatsis.gov.au/austlang/language/e20
260,E21,Moondjan,Moonjan|Yuggera|Nunukul|Gowar|Jagara|Koenpul|Ngugi|Turrubul|Yagara|Gundjun|Koko Kuntjan|Koko wansin|Kokoyan|Koonjan|Kundjan|Kundjin|Kunjen|Kunjin|Mundjan|Ngundjan|Noonuccal|Noonuckle|Noonukul|Nununkul|Okundjain|Nunungal|Quandamooka,-27.472157289981,153.46907862430999,https://collection.aiatsis.gov.au/austlang/language/e21
261,E22,Ngoera,Wakawaka|Kaiabara|Njalbo|Dalla|Gayabara|Dalambara|Dallanbarah|Ngoera for Dalla|Kaia|Cooyar Range|Mount|Kaibara|Koiabara|Cooyarbara|Kaiyabora|Kia bara|Bujibara|Bujiebara|Booy ieburra|Buijibara|Bujibada for Kaiabara,-27.069052104844001,152.35934257357999,https://collection.aiatsis.gov.au/austlang/language/e22
262,E23,Yugara,Yagara|Yuggera|Gowar|Jagara|Koenpul|Ngugi|Nunukul|Turrubul|Biriin|Djanda|Jagarabal|Jandai|Jergarbal|Jinibara|Nighi|Terabul|Torbul|Turibul|Turrbal|Turrubal|Turubul|Yackarabul|Yagarabal|Yagarabul|Yaggara|Yerongban|Yeronghan|Yerongpan|Yiniburra|Yugarabal|Yugg ari|Yuggara|Jagera|Tor bul|Ninghi|Quandamooka,-27.708545143454,152.54684067589,https://collection.aiatsis.gov.au/austlang/language/e23
263,E24,Buyibara,Bujibada|Buyibada|Kaiabara|Kaia|Cooyar Range|Mount|Kaibara|Koiabara|Cooyarbara|Kaiyabora|Kia bara|Bujibara|Bujiebara|Booy ieburra|Buijibara,-27.22108106189,152.92819233586999,https://collection.aiatsis.gov.au/austlang/language/e24
264,E25,Dalla,Dala|Mooloola|Dalleburra|For Dalla as a cover term  Dalla|Ngoera|Jarbu|Jinibara|Djunggidjau|For Dalla horde  Dalambara|Dallanbarah,-26.775423650838,152.66843429132999,https://collection.aiatsis.gov.au/austlang/language/e25
265,E26,Guwar,Yuggera|Gowar|Jagara|Koenpul|Ngugi|Nunukul|Turrubul|Yagara|Booroo geen merrie|Chunchiburri|Coowar|Gnoogee|Gooar|Goowar|Gowr burra|Guar|Mugee|Nooghi|Wodji|Wogee|Quandamooka,-27.167686536092,153.4003410629,https://collection.aiatsis.gov.au/austlang/language/e26
266,E27,Djagunda,Djakunda|Barunggam|Giabal|Jarowair|Dakundair/Dakundeir/Djakunda|Djakanda|Djaka nde|Dakundair,-26.050348414157,150.83513689549,https://collection.aiatsis.gov.au/austlang/language/e27
267,E28,Wakka Wakka,Waga Waga|Wakawaka|Waka Waka|Bujiebara|Dungibara|Dungidau|Garumga|Garumngar|Kaiabara|Enibura|Gowrburra|Koolaburra|Mungar|Nukunukubara|Wa|Wabar|Waa|Wacca Wacca|Wackar|Waka|Wakar|Wakka|Wakka wakka|Wakkar|Wakkawakka|Waku wuka|Wapa|Wilili|Wililililee|Willillee|Woga|Wogga|Wokka|Wokkari|Wuka Wuka|Wuli wuli|Wulili|Wagawaga|Woka|Wakar/Wackar|Woka Woka,-26.451334117667,151.90302899292001,https://collection.aiatsis.gov.au/austlang/language/e28
268,E29,Gubbi Gubbi,Gabi Gabi|Dippil|Dallambara|Dowarbara|Dulingbara|Kabi Kabi|Nalbo|Undanbi|Cabbee|Cabee|Carby|Carby carbery|Dhapil|Dhipil|Dipple|Doon dooburra|Doondoora|Dowarburra|Dundu:ra|Dundubara|Gabi|Gabigabi|Kabbi|Kabi|Kabikabi|Kahby|Karabi|Karbi|Maiba,-26.0056032963720014,152.66753734609,https://collection.aiatsis.gov.au/austlang/language/e29
269,E3,Birrbay,Birpai|Birpay|Worimi|Birbay|Biripi|Biribi|Birippi|Birrapee|Birripai|Birripi|Bripi|Brippai|Waw wyper|Biribai|Birrbay|Gathang|Kattang,-31.646951417433,152.13401595302,https://collection.aiatsis.gov.au/austlang/language/e3
270,E30,Butchulla,Batjala|Badjala|Badtjala|Ngulungbara|Badjela|Patyala|Badtala|Batyala|Badyala|Bidhala|Dulingbara|Thoorgine for Batjala|Olongbura|Gnoolongbara|Koolaburra for Ngulungbara,-25.337220044704,153.032820122609991,https://collection.aiatsis.gov.au/austlang/language/e30
271,E31,Yiman,Jiman|Emon|Iman|Jimun|Nimmi|Yimun|Yeeman,-25.589029372401,149.57709835432999,https://collection.aiatsis.gov.au/austlang/language/e31
272,E32,Gooreng Gooreng,Gureng Gureng|Goeng|Koreng Goreng|Taribulung|Tulua|Corine|Curang Curang|Curang gurang|Goonine|Goorang Goorang|Gurang|Gurang Gurang|Kooranga|Koreng|Koreng Koreng|Korenggoreng|Korrengkorreng|Korrlup|Kuriny|Kurranga|Maroonee|Meeroni|Meerooni|Qualup tribe|Warangu|Wide Bay tribe|Yamma|YungkonoCaracterrup|Goreng Goreng|Curanggurang|Guranggurang|Gooranggorang|Gurenggureng|Koreng koreng|Gureng gureng Curang gurang|Gurang gurang|Goorang goorang,-24.904800693499,151.79031501814001,https://collection.aiatsis.gov.au/austlang/language/e32
273,E33,Taribelang,Gureng Gureng|Taribulung|Goeng|Koreng Goreng|Tulua|Daribelum|Darpil|Ginginburra|Taribeleng|Tarribelung|Wokka|Wokkari|Yawai|Yawaim|Daribalang >Goeng goeng|Daribalang,-24.807331363966,152.038899199570011,https://collection.aiatsis.gov.au/austlang/language/e33
274,E35,Gungabula,Kongabula|Gongabula|Khungabula|Khungabulal|Kungalburra|Ongabula,-25.599573240252,148.64372520145,https://collection.aiatsis.gov.au/austlang/language/e35
275,E36,Goeng Goeng,Guweng Guweng|Coonine|Goeng|Maroonee|Meeroni|Daribalang >Goeng goeng|Goonine|Guweng|Yungkono|GurangGurang|Meerooni|Wide Bay tribe|Yamma,-24.266885815131,151.68168772042,https://collection.aiatsis.gov.au/austlang/language/e36
276,E37,Bidjara / Bidyara,Pitjara|Bidjera|Bithara|Bitjara|Minkabari|Peachera|Peechera|Pitteroo|Wilya|Bitharra,-24.903186585911,147.12130691422001,https://collection.aiatsis.gov.au/austlang/language/e37
277,E38,Garaynbal,Garanjbal|Garingbal|Karingbal|Kainbul|Kaingbul|Kanalloo|Kanoloo|Kanolu|Karingbool|Karranbal|Karranbal; man,-23.330161348978,149.13370034459999,https://collection.aiatsis.gov.au/austlang/language/e38
278,E39,Wadjigu,Wadja|Wadju|Maudalgo|Wadjainggo|Waindjago|Wainggo|Wainjago|Wainjigo|Wadya,-24.808523639971,148.57335257653,https://collection.aiatsis.gov.au/austlang/language/e39
279,E4,Ngaku,Ngaagu|Dainggatti|Dainggati|Dhan gadi|Dunghutti|Thungutti|Ngagu|Niungacko,-31.069534687533999,152.93401192779999,https://collection.aiatsis.gov.au/austlang/language/e4
280,E40,Gangulu,Kaangooloo|Kangulu|Kanolu|Cangoolootha|Gangu|Kangalo|Kangool lo|Khangalu|Kongalu|Konguli|Kongulu|Khang|Ghangulu|Ka ngool lo,-24.186069748368,150.15143203190999,https://collection.aiatsis.gov.au/austlang/language/e40
281,E41,Tulua,Dappil|Gureng Gureng|Goeng|Koreng Goreng|Taribulung|Dulua|Toolooa|Dandan|Narung,-24.38985217093,150.99900015219001,https://collection.aiatsis.gov.au/austlang/language/e41
282,E42,Baiali,Bayali|Byellee|Bajali|Bayelle|Biele|Bieli|Byelle|Byellel|Orambul|Urambal,-23.643690744,150.88523677149001,https://collection.aiatsis.gov.au/austlang/language/e42
283,E43,Yagalingu,Jagalingu|Auanbura|Kokleburra|Owanburra|Kowanburra|Wagalbara|Wakelbara|Wakelburra|Wakelbura,-23.156857996936,146.63293864741999,https://collection.aiatsis.gov.au/austlang/language/e43
284,E44,Gayiri,Kairi|Bimurraburra|Gahrarja|Kararya|Kari|Khararya|Khararya; Kaira Gara Gara|Ara Ara|man,-23.79398017051,147.89773110202,https://collection.aiatsis.gov.au/austlang/language/e44
285,E45,Gabulbarra,Gabulbara|Gabalbara|Kabalbara|Kabelbara|Kaiabara|Yettimaralla|Gabelbara|none,-22.868637591631,148.72522785639001,https://collection.aiatsis.gov.au/austlang/language/e45
286,E46,Darumbal,Darambal|Bayali|Darumbal|Jetimarala|Kooinmurburra|Ningebul|Taroombul|Warrabul|Yetimaralla|Dharumbal|Tharumbal|Darawal|Tarumbal|Tarumbul|Charumbul|Ta rum bal|Tarrombal|Tarambol|Tarm bal|Warabal|Warrabal|Ningebal|Rockhampton dialect|Bauwi warra,-22.715683514461,150.060045609529993,https://collection.aiatsis.gov.au/austlang/language/e46
287,E47,Wangan,Wierdi|Wan gan|Babbinburra,-22.797163280214,147.60858965444999,https://collection.aiatsis.gov.au/austlang/language/e47
288,E48,Baradha,Barada|Thar ar ra burra|Tha ra ra burra|Toolginburra|man,-21.982383872787,148.92525723398001,https://collection.aiatsis.gov.au/austlang/language/e48
289,E49,Guwinmal,Kuinmabara|Kungalburra|Gunmal|Koi|Koinbal|Kooinmerburra|Kuinmurbura|Kungmal|Kweembul|Kwiambal|Kwigalburra|Mamburra|Queenbullaquieumble|Gunymal|Gonjmal|Kuinmur bura|Koinjmal,-22.279668095091,149.79615727255,https://collection.aiatsis.gov.au/austlang/language/e49
290,E5,Ngambaa,Ngaku|Niungacko|Ngamba|Ngambarr|Ngambar|Ngeunbah,-30.815135412469,152.89047946386,https://collection.aiatsis.gov.au/austlang/language/e5
291,E50,Miyan,Mian|Koombokkaburra|Munkibura|Munkieburra|Oncooburra|Pegulloburra|Wokkelburra|Wokkulburra|Peghullaburra|Woccullaburra|Monkeyburra|Pegullo burra,-21.812523000063,146.18381639052001,https://collection.aiatsis.gov.au/austlang/language/e50
292,E51,Yambina,Jambina|Jampa:l|Jampal|MutholburraNarboo Murre|Yambeena|Narboo Murre|Muthoburra,-22.314022581716,147.47527316572001,https://collection.aiatsis.gov.au/austlang/language/e51
293,E52,Yangga,Jangga|Yanga|Durroburra|Dorobura,-20.92842179491,147.25628845476001,https://collection.aiatsis.gov.au/austlang/language/e52
294,E53,Baranha,Barna|Ba:na|Parnabal|Barnya,-22.080577003397998,148.19852895163001,https://collection.aiatsis.gov.au/austlang/language/e53
295,E54,Yuwibara,Yuwi|Juipera|Toolginburra|Yuipera|Juwibara|Yuibera|Yuwiburra|Yuwibarra,0,0,https://collection.aiatsis.gov.au/austlang/language/e54
296,E55,Yilba,Ilba|Eneby|Jilba|Moothaburra|Mungera|Mungerra|Munkeeburra|Pagulloburra|Pegulloburra|Yakaburra|Yuckaburra|Yukkaburra|Yuckaburra  this is a local group name|Mootha burra,-20.766821122946,146.047980514319988,https://collection.aiatsis.gov.au/austlang/language/e55
297,E56,Biri,Birigaba|Biria|Wiri|Biragaba|Birri Gubba|Biriaba|Breeaba|Perembba|Perenbba,-20.508100888934,147.98860736808999,https://collection.aiatsis.gov.au/austlang/language/e56
298,E57,Wiri,Wirri|Widi|Biri|Biria|Gongolo|Widi|Wierdi|Wirdi|Witi,-21.298575220693,148.70378164891,https://collection.aiatsis.gov.au/austlang/language/e57
299,E58,Giya,Bumbarra|Gia|Ngaro|Ngaru|Bumbara|Bumburra Burra|Kia|Bumburra,-20.40181798643,148.46292086791999,https://collection.aiatsis.gov.au/austlang/language/e58
300,E59,Ngaro,Giya|Ngaro/Ngaru|Gia|Ngaru|Googaburra|Ngalangi|Nguro|Island tribe,-20.295474713324,148.93473668823,https://collection.aiatsis.gov.au/austlang/language/e59
301,E6,Dhanggati / Dunghutti,Dunghutti|Dhanggatti|Djan gadi|Thangatti|Dyangadi|Dainggatti|Dainggati|Dhan gadi|Ngaku|Thungutti|Dangadi|Danggetti|Dhangatty|Thangatty|Dangati|Tangetti|Burgadi|Boorkutti|Dhanggadi|da?ati|Djangadi|Dunggudi|Thungatti|Djaingadi|Dang getti|Danghetti|Danggadi|Dhang atty|Yuungai|Yunggai|Tang gette|Burugardi|Nulla Nulla|Amberu|Himberrong|Jang|Yung|Dhunggutti|Dhunghutti,-30.906415451433,152.41692271760999,https://collection.aiatsis.gov.au/austlang/language/e6
302,E60,Gudjal,Warungu|Gudjala|Gudjali|Koochul bura|Kutjala,-19.707543255479,145.43599558371,https://collection.aiatsis.gov.au/austlang/language/e60
303,E61,Bindal,Lower Burdekin|Nyawaygi|Bendalgubber|Bindel|North Murri,-19.563568549898,147.11055856082999,https://collection.aiatsis.gov.au/austlang/language/e61
304,E62,Yuru,Mouths of the Burdekin River|Nyawaygi|Arwur angkana|Euronbba|Juru|Mal Mal|Malmal|South Murri|Arwur angkana,-19.827166873033,147.67455317982001,https://collection.aiatsis.gov.au/austlang/language/e62
305,E63,Yetimarala / Yetimarla,Bayali|Darumbal|Jetimarala/Yetimaralla|Jetimarala|Kooinmurburra|Ningebul|Taroombul|Warrabul|Yetimaralla|Ja:mba|Yaamba|Yetti maralla|Taruin bura,-22.893841802665,149.48361743913,https://collection.aiatsis.gov.au/austlang/language/e63
306,E64,Ganulu,Kanolu|Kanoloo|Kanalloo,-23.655447179992,149.010962293640006,https://collection.aiatsis.gov.au/austlang/language/e64
307,E65,Mandalgu,"",-24.465985009487,149.38243380623999,https://collection.aiatsis.gov.au/austlang/language/e65
308,E66,Yugarabul,Yuggarabul,-27.277609788298,153.025257796469987,https://collection.aiatsis.gov.au/austlang/language/e66
309,E67,Gathang,Gadjang|Kattang|Worimi|Gadhang|Gadang|Molo|Bahree|Karrapath|Carapath|Warrangine|Wannungine|Birrbay|Warrimay,-31.982636844749,152.41557945906999,https://collection.aiatsis.gov.au/austlang/language/e67
310,E68,Ngarbal,Ngarabal|Yugambal|Kwiambal|Ngarrabul/ Ngoorabul/ Ngarbu|Ngarabul|Ngarrabul|Narbul|Marbul|Ngrapol,-29.527793296141,151.78146061818001,https://collection.aiatsis.gov.au/austlang/language/e68
311,E69,Nulla Nulla,Dainggati|Djaingadi|Dang getti|Danghetti|Danggadi|Dhang atty|Thangatti|Thangatty|Dangati|Dangadi|Yuungai|Yunggai|Tangetti|Tang gette|Burugardi|Burgadi|Boorkutti|Amberu|Himberrong|Jang|Yung,0,0,https://collection.aiatsis.gov.au/austlang/language/e69
312,E7,Gumbaynggirr,Gumbaynggir|Kumbainggar|Gumbainggir|Baanbay|Banbai|Gamlamang|Jiegera|Kumbainggiri|Yaygir|Yuungay|Bellingen tribe|Bellinger tribe|Cambanggarie|Coombagoree|Coombangree|Coombargaree|Coombyngara|Coombyngura|Coombyugura|Cumbainggar|Guinbainggiri|Gumbainggirr|Gumbainga|Gumbainggar|Gumbanga|Gumbanggar|Gumbanggeri|Gumbanjaree|Gumbayngir|Gunbainygar|Kombaingheri|Kombinegherry|Koombabgghery|Koombainga|Koombanggary|Koombanggherry|Koombangi|Kumbaingeri|Kumbainggeri|Kumbainggir|Kumbainggirri|Kumbaingir|Kumbangerai|Nimboy|Orara|Woolgoolga|Koombangghery|Kumbanggerri|Koombanggaree|Kumbainggerri|Kumbinggeri|Kumbanggar|Kom baingheri|Coombyn gura|Gumbaigar|Gunbaigar|Gumbaingar,-30.087643010269002,152.44568760982,https://collection.aiatsis.gov.au/austlang/language/e7
313,E70,Burrgati,Dyangadi|Burgadi|Burugadi,-30.422360631737,151.94073676337999,https://collection.aiatsis.gov.au/austlang/language/e70
314,E71,Baryulgil,"",0,0,https://collection.aiatsis.gov.au/austlang/language/e71
315,E72,Birihn,Biriin,-29.047958904817001,152.85886808719999,https://collection.aiatsis.gov.au/austlang/language/e72
316,E73,Casino language,"",-28.85403055779,152.98737438499001,https://collection.aiatsis.gov.au/austlang/language/e73
317,E74,Warwick Dialect,"",0,0,https://collection.aiatsis.gov.au/austlang/language/e74
318,E75,Nyangbal,Njangbal,-28.921504855909,153.42179259869999,https://collection.aiatsis.gov.au/austlang/language/e75
319,E76,Mananjahli,Yugambal|Manaldjali|Manaldjahli|Mununjali|Munaljali,-28.126543130262,152.91469849776001,https://collection.aiatsis.gov.au/austlang/language/e76
320,E77,Nerang Creek,"",-28.08259432458,153.24077249506999,https://collection.aiatsis.gov.au/austlang/language/e77
321,E78,Nganduwal,Gurgun Mibinyah,-28.351553657393,153.30360703491999,https://collection.aiatsis.gov.au/austlang/language/e78
322,E79,Ngarahgwal,Ngara:ngbal|Ngarangbal|Gurgun Mibinyah,-27.886144546326,153.32790697544999,https://collection.aiatsis.gov.au/austlang/language/e79
323,E8,Baanbay,Kumbainggar|Gumbainggir|Baanbay/Banbai|Banbai|Gamlamang|Jiegera|Kumbainggiri|Yaygir|Yuungay|Ahnbi|Babnbi|Baanbay Ahnbi|Dandai|Bahnbi,-30.059012339287001,152.11108682836999,https://collection.aiatsis.gov.au/austlang/language/e8
324,E80,Wehlubal,Baryulgil|Wiribi,-29.224425509969,152.55178022294001,https://collection.aiatsis.gov.au/austlang/language/e80
325,E81,Jarowair,Barunggam|Djakunda|Giabal|Yarrowair|Yarow wair|Yarrow Wair,-27.211689594786,151.67776536849999,https://collection.aiatsis.gov.au/austlang/language/e81
326,E82,Wapabara,"",-23.191386570134,150.96684726461999,https://collection.aiatsis.gov.au/austlang/language/e82
327,E83,Rakiwara,"",-23.069162229856001,150.78068591657001,https://collection.aiatsis.gov.au/austlang/language/e83
328,E84,Karunbara,"",-23.532073338976,150.10003232711,https://collection.aiatsis.gov.au/austlang/language/e84
329,E85,Gambalamam,Crowley,-30.37844644412,152.67147920581999,https://collection.aiatsis.gov.au/austlang/language/e85
330,E86,Turrbal,Turrbal|Thurawal|Turrubul|Durubulic|Jagara|Undanbi|Turrbul|Turrabul|Toorbal|Tarabul|Jagarabal|Jergarbal|Yagara|Yaggara|Yuggara|Yugg ari|Yackarabul|Turrbal|Turrubal|Terabul|Tor bul|Turibul|Yerongban|Yeronghan|Ninghi|Yerongpan|Biriin for Jagara|Undumbi|Oondumbi|Mooloola|Churrabool|Djindubari|Djuadu bari|Jooaduburrie|Bo oobera|Dippil for Undanbi,-27.507403426369,153.051933608669998,https://collection.aiatsis.gov.au/austlang/language/e86
331,E87,Dungibara,Waka Waka|Bujiebara|Dungidau|Garumga|Garumngar|Kaiabara|Dalla|Doongibarra|Doongiburra,-27.200969949533,152.55224547096,https://collection.aiatsis.gov.au/austlang/language/e87
332,E88,Garumngar,Waka Waka|Bujiebara|Dungibara|Dungidau|Garumga|Kaiabara|Dalla|Garumu?ar|Garumnga|Garumgma,-27.353033238067,152.69513511944999,https://collection.aiatsis.gov.au/austlang/language/e88
333,E89,Wulli Wulli,Wuli Wuli|Wuliwuli|Wuli wuli|Wulili|Wilili|Wililililee|Willillee,-25.303334466772,150.63558459481001,https://collection.aiatsis.gov.au/austlang/language/e89
334,E9,Yunggaya,Gumbainggir|Yuungay|Baanbay|Banbai|Gamlamang|Jiegera|Kumbainggiri|Yaygir|Ju:ngai|Yiegera|Jeigir|Yegera|Youngai|Jungai,-29.463789318893,153.21577363143999,https://collection.aiatsis.gov.au/austlang/language/e9
335,E90,Nalbo,Gubbi Gubbi|Dallambara|Dowarbara|Dulingbara|Kabi Kabi|Undanbi|Dalla|Ngalbu|Njalbo|Nalboo,-26.76927823247,152.88589503144999,https://collection.aiatsis.gov.au/austlang/language/e90
336,E91,Marbal,"",-29.113504787123,151.87409720363999,https://collection.aiatsis.gov.au/austlang/language/e91
337,E92,Ngarabal,"",-29.485674618123,152.68288521572001,https://collection.aiatsis.gov.au/austlang/language/e92
338,E93,Baddala,"",0,0,https://collection.aiatsis.gov.au/austlang/language/e93
339,E94,Undanbi,Gubbi Gubbi|Dallambara|Dowarbara|Dulingbara|Kabi Kabi|Nalbo|Ngundanbi|Undumbi|Oondumbi|Mooloola|Turrubul|Turrbul|Churrabool|Djindubari|Djuadu bari|Jooaduburrie|Bo oobera|Dippil,0,0,https://collection.aiatsis.gov.au/austlang/language/e94
340,E95,Guringay,Gringai|Gathang,-32.513457926197,151.69933495542,https://collection.aiatsis.gov.au/austlang/language/e95
341,E96,Wudjebal,"",0,0,https://collection.aiatsis.gov.au/austlang/language/e96
342,E98,Nymboidan,"",0,0,https://collection.aiatsis.gov.au/austlang/language/e98
343,E99,Yirraygirr,"",0,0,https://collection.aiatsis.gov.au/austlang/language/e99
344,G1,Wangkamanha / Wankamadla,Lhanima|Tharlimanha|Wangga Manha|Wangkamana|Julaolinja|Lanima|Rungarungawa|Wangka yutjuru|Wongkadjera|Ju:lanja|Ju:lanji|Jura|Talimana|U la linya|U la linye|U lay linye|Ulaolinja|Ulaolinya|Uluonga|Wanggamala|Wanggamanha Wangkamana|Wanggamana|Wonggaman|Wonggawan|Wongkamala|Wonkamala|Wonkamudla|Yoolanlanya|Wangkamadla|Wanggamanha,-24.330800671758,137.42441473855999,https://collection.aiatsis.gov.au/austlang/language/g1
345,G10,Waluwarra,Warluwara|Warluwarra|Waluwara|Didjadidja|Elookera|Kapula|Maula|Maule|Mauula|Pangara|Panggara|Paringgara|Walgra|Wallawarra|Waloo kera|Walookera|Walugara|Walugera|Walukara|Wlookera|Wolga|Wollegara|Wollegarra|Yannalinka|Yunnalinka|Warluwarra Bularnu,-21.762186407649,138.42855736743999,https://collection.aiatsis.gov.au/austlang/language/g10
346,G11,Wonganya,Wonganja,0,0,https://collection.aiatsis.gov.au/austlang/language/g11
347,G12,Ayerrerenge,Bularnu|Jaroinga|Yaroinga|Jaroinga; Jurangka|Manda|Yaringa|Yarroinga|Yarrowin|Yorrawinga|Jaroinga; Jarionga|Yaro inga|Yarrowinga|Juruwinga|Yaruwinga|Ayerrerenge|Yorrowinga|Yuruwinga|Yaruwinga|Bulanja|Bulanu|Jarionga|Jurangka|Pulanja|Ayerrereng|Arandic,-21.393810830516,137.41542686257,https://collection.aiatsis.gov.au/austlang/language/g12
348,G12.1,Bularnu,Warluwarra Bularnu|Yindjilandji|Bulanu|Manda|Pulanja|Bulanja,-20.656688662129,138.27474581120001,https://collection.aiatsis.gov.au/austlang/language/g12.1
349,G13,Kalkatungu / Kalkadoon,Kalkutungu|Kalkutung|Kalkutungu|Calcadoon|Galgadung|Galgadunga|Galgadungu|Kalkadoona|Kalkadun|Kalkadung|Kalkadunga|Kalkaladoona|Kalkatongo|Kalkatunga|Kulkadoon|Kulkadoona|Kulkodone|Mantaba|Roongkari|Rungkari|Kalka donna,-20.886512982542,139.89001993296,https://collection.aiatsis.gov.au/austlang/language/g13
350,G14,Indjilandji,Yindjilandji|Indjilandji; Inchalachee|Inchalanchee|Indjilindji|Indjurandji|Indkilindji|Injilinji|Intjilatja|Indjilinji; Inchalachee|Indilandji|Indjilinji|Gulbilangu|Inchalanchi|Indjiladji|Injeelanjee|Intyilatya|Intjilantji; Gulbilangu|Inchilachee|Inchalachee|Indjillnji|Yinjilanji,-19.327052066917,137.46237684601999,https://collection.aiatsis.gov.au/austlang/language/g14
351,G15,Wakabunga,Workoboongo|Kabikabi|Wagabunga|Waggaboonyah|Waggabundi|Wake bunge|Wakobungo|Waukaboonia|Workabunga|Wakapunga|Worgabunga|Wurgabunga,-19.538891965327,139.064818923209998,https://collection.aiatsis.gov.au/austlang/language/g15
352,G16,Mayi-thakurti / Mitakoodi,Maykulan|Mittakoodi|Taithakari|agurdi|Maidakadi|Maidhagari|Maidhaggaria|Maidhagudi|Maioakui|Maioakuri|Maitakeidi|Maitakudi|Maithagudi|Maithakari|Maithakudi|Majadhagudi|Mayatagoori|Mayatagoorri|Maydhagurdi|Maytagoori|Mit|Mitagurdi|Mitakudi|Mitrogoordi|Mitroogoordi|Mittagurdi|Mittaka|Mythaguddi|Mythergoody|Mythugadi|Mythuggadi|Mayadhagurdi|Mayidhagurdi|Maithakuri|Maithakui,-19.946870866068,140.68950150801001,https://collection.aiatsis.gov.au/austlang/language/g16
353,G16.1,Wunumara,Maykulan|Wunamara|Oonoomurra|Wanamara|Quippen bura|Unamara|Woonamurra|Woonomurra|Wunamora,-20.913112577322,141.8532552202,https://collection.aiatsis.gov.au/austlang/language/g16.1
354,G17,Ngawun,Ngewin|Naungaun|Nga:wun|Ngaon|Ngaun|Nounun|Nouun,-19.802685135729,141.96286370505001,https://collection.aiatsis.gov.au/austlang/language/g17
355,G18,Midjamba,Mbara|Mitjamba|Kumbulmara|Midyamba,0,0,https://collection.aiatsis.gov.au/austlang/language/g18
356,G19,Nguburinji,Nguburindi|Ganggalida|Naungaun|Nga:wun|Ngoborindi|Ngoboringi|Ngoborundji|Nounun|Nouun|Obor indi|Oborindi|Oboroondi|Ngorborundji,-18.53363767172,139.035777367229997,https://collection.aiatsis.gov.au/austlang/language/g19
357,G2,Ulaolinya,Yurla Yurlanja|Ulaolinya|Lhanima|Tharlimanha|Wangga Manha|Pitta Pitta|Lanima|Ulaolinja|Ju:lanja|Ju:lanji|Yoolanlanya|U la linya|U la linye|U lay linye|Uluonga|Jura,0,0,https://collection.aiatsis.gov.au/austlang/language/g2
358,G20,Mayi-yapi,Maykulan|Maijabi|Maiabi|Maippe|Majabi|Mayapi|Mayappe|Miappe|Miappi|Miubbi|Miulbi|Myabi|Myappa|Myappe|Mayabi|Miuibi,-19.075646079750999,140.44722075422999,https://collection.aiatsis.gov.au/austlang/language/g20
359,G21,Mbara,Ambara|Mitjamba|Balgalu|Bargal,-19.849892873405,143.39513313755,https://collection.aiatsis.gov.au/austlang/language/g21
360,G22,Balgalu,Walangama|Bugulmara|Boogoolmurra,0,0,https://collection.aiatsis.gov.au/austlang/language/g22
361,G23,Waanyi,Waanji|Garawa|Wanyi|Wanyee|Wanee|Waangyee|Wonyee,-18.313241639387,137.62087064030001,https://collection.aiatsis.gov.au/austlang/language/g23
362,G24,Mayi-kutuna,Mayaguduna|Maikudunu|Marago|Mayi Yali|Maigudina|Maigudung|Maikudung|Mayagudunu|Maygudan|Mygoodan|Maikudun|Mikoodoono|Mygoodano|Mayagoondoon|Mika doon|Mikoolun,-19.120824645906,139.89625021507001,https://collection.aiatsis.gov.au/austlang/language/g24
363,G25,Mayi-kulan,Maykulan|Mayi kulan|Maikulan|Maigudina|Maigudung|Maigulung|Maikolon|Maikudun|Maikudung|Maikudunu|Maikulung|Makulu|Mayagoondoon|Mayagulan|Mayhulan|Miccoolin|Micoolan|Mikadoon|Mikkoolan|Mikoodoono|Mikoolun|Mycoolon|Mygoodan|Mygoodano|Mygoolan|Mykoolan|Mykulau|Mykoo lan,-18.780357582714,141.81241533472999,https://collection.aiatsis.gov.au/austlang/language/g25
364,G26,Mingginda,Minkin|Mingin|Min Gin|Mingir|Minikin|Myngeen,-18.022512996751999,139.55273139735999,https://collection.aiatsis.gov.au/austlang/language/g26
365,G27,Kalibamu,Kukatj|Kalibamu|Galimbamu|Galibamu|Golbiri|Kotanda,0,0,https://collection.aiatsis.gov.au/austlang/language/g27
366,G28,Kukatj,Gugadj|Kalibamu|Marago|Gudadj|Gudadji|Gugady|Gugatj|Kokatj|Kukatji|Gugadji|Kukatja|Kukatyi|Konggada,-18.132101457043,140.36511545041,https://collection.aiatsis.gov.au/austlang/language/g28
367,G29,Gundara,Kok Narr|Kok Nhang|Kundar|Koknar|Gog nar|Kwantar|Kokinari|Koko Nar|Koko Nari|Kokonari|Kuk Nar|Kuku Nar|Kwanthar|Kok  Nar|Gugu Nar|Gugu Nhang|Kwantari|Gog Nar|Kundara|Kuantari|Goondarra|Wangara|Wanggara|Kokowanggara|Kokawan gar|Kokatabul|Kokodaue|Koko daua|Oikand,-16.052434788806,141.81558838084999,https://collection.aiatsis.gov.au/austlang/language/g29
368,G3,Kunkalanya,Kunkalanja|Pitta Pitta|Kungkalenya|Kunkulenje|Koonkoolenya|Koomkoolenya|Koon kalinga|Koonkalinye,-23.637670302004,139.28798561184001,https://collection.aiatsis.gov.au/austlang/language/g3
369,G30,Ganggalidda,Kangkalita|Ganggalida|Jokula|Yakula|Jugul|Jugulda|Jogula|Jokala|Jokul|Jokal|Iukala|Yukula|Yookala|Eugoola|Jungulda|Kanggaleida|Yangarella|Engarilla,0,0,https://collection.aiatsis.gov.au/austlang/language/g30
370,G31,Gkuthaarn,Kuthant|Karaldi|Gudanda|Gudhanda|Gudhand|Guandhar|Kareldi|Karundi|Karunti|Kurandi|Ka rantee|Karrandi|Karrandee|Gar und yih|Karun|Gooran|Kotanda|Kutanda|Goothanto,-17.368816565828,141.11506220632,https://collection.aiatsis.gov.au/austlang/language/g31
371,G32,Garandi,Karrandee|Karundi|Garandji|Kareldi|Karindhi|Karanti|Karunti|Kurandi|Ka rantee|Karrandi|Gar und yih|Karun|Gooran|Kotanda|Kutanda|Goothanto,0,0,https://collection.aiatsis.gov.au/austlang/language/g32
372,G33,Kurtjar,Gunggara|Gurdjar|Kunggara|Araba|Areba|Rib|Cudjeral|Curjur|Gilbert River tribe|Goom gharra|Gunggara|Koonkurri|Kortyera|Kuritjari|Kutjar|Ungorri|Kurrtjar,-16.747297706702,141.41755236566999,https://collection.aiatsis.gov.au/austlang/language/g33
373,G34,Yukulta / Ganggalidda,Lardil|Yakula|Jugul|Jugulda|Jogula|Jokala|Jokul|Jokal|Iukala|Yukula|Yookala|Eugoola|Jungulda|Kanggaleida|Yangarella|Engarilla,-17.341231808393,138.7513171226,https://collection.aiatsis.gov.au/austlang/language/g34
374,G35,Kayardild,Gayardilt|Kaiadilt|Bentinck Islanders|Gaiardilt|Gaja|dilt|Gajadild|Gajardild|Gajardilt|Gaya|Gayadilt|Kaiadil|Kaiadilt Madunun|Maldanunda|Malununda|Malununde|Mardunung|Marlanunda|Gayardild|Guyadilt|Madunun,-17.030578639891999,139.48922358900001,https://collection.aiatsis.gov.au/austlang/language/g35
375,G36,Walangama,Bugulmara|Karan|Wahlongman|Wallankammer|Wallenkammer|Wollangama|Wollongurmee|Wallan kammer,-17.885734161981,141.93473152077999,https://collection.aiatsis.gov.au/austlang/language/g36
376,G37,Yangkaal,Gananggalinda|Balumbant|Janggal|Janggaral|Janggaralda|Janggura|Mangaralda|Nemarang|Njangga:l|Jangaralda,-16.904906665987,138.98114341286001,https://collection.aiatsis.gov.au/austlang/language/g37
377,G38,Lardil,Lardiil|Layardilda|Damin|Demin|Gunana|Jungarl|Kare wa|Kunana|La:dil|Ladil|Laierdila|Lardi:i|Lardill|Leedil|Mornington Island tribe|Nemarang,-16.56431398137,139.45889134492,https://collection.aiatsis.gov.au/austlang/language/g38
378,G39,Ogerliga,"",0,0,https://collection.aiatsis.gov.au/austlang/language/g39
379,G4,Rakaya,Pitta Pitta|Rakkaia|Rukkia,-23.424260150732,140.13721828807999,https://collection.aiatsis.gov.au/austlang/language/g4
380,G40,Ngulupulu,Pitta Pitta|Karanya|Karenya|Kurrana|Mooraboola Moorloobulloo|Ngulubulu|Ooloopooloo,-24.056369749215001,139.81757189273,https://collection.aiatsis.gov.au/austlang/language/g40
381,G41,Parnkarra,Warluwara|Barngara,-21.260277550433,138.81045545972,https://collection.aiatsis.gov.au/austlang/language/g41
382,G42,Dhidhani,Dhidhanu|Yindjilandji,-20.477353213756,138.26211600271,https://collection.aiatsis.gov.au/austlang/language/g42
383,G43,Kapula,Warluwara|Gabula,-22.132758180661,138.59613165265,https://collection.aiatsis.gov.au/austlang/language/g43
384,G44,Mayi-yali,Mayi Kutuna|Maikudunu|Marago|Mayali,-18.941537932067,139.74786263805001,https://collection.aiatsis.gov.au/austlang/language/g44
385,G45,Marrago,Kukatj|Marago|Mayi Kutuna|Kalibamu|Maikudunu|Mayi Yali|Ngarra,-18.270587599748,140.16664179604001,https://collection.aiatsis.gov.au/austlang/language/g45
386,G46,Bundjil,"",-20.047997212828999,146.31342470684999,https://collection.aiatsis.gov.au/austlang/language/g46
387,G47,Jangrala,"",-17.851445841547,138.68273702881999,https://collection.aiatsis.gov.au/austlang/language/g47
388,G48,Rangwa,Runga Rungawa|Pitta Pitta|Runga Rungawah|Ringarungawah|Dun gadungara|Rungo Rungo,0,0,https://collection.aiatsis.gov.au/austlang/language/g48
389,G49,Kok Narr,Kok Narr|Koknar|Gog Nar|Kok Nar|Kuku Nar|Gugu Nar|Kok-Narr|Gug-nar,0,0,https://collection.aiatsis.gov.au/austlang/language/g49
390,G5,Wangka-yutjurru,Wangka yutjuru|Wanggamanha|Wongkadjera/Wangka yutjuru|Julaolinja|Lanima|Rungarungawa|Wongkadjera|Wangkadjera|Wanggadjara|Wanggayudyuru|Wangka jutjuru|Wonkajara|Wonkatyeri|Wonkoyara,-22.881736269643,138.56573007749,https://collection.aiatsis.gov.au/austlang/language/g5
391,G50,Kok Nhang,Gugu Nhang|Kon Nhang|Koko-Nhang|Kuuk-Nhang,0,0,https://collection.aiatsis.gov.au/austlang/language/g50
392,G51,Baringkirri,"",0,0,https://collection.aiatsis.gov.au/austlang/language/g51
393,G52,Indjiladji,"",0,0,https://collection.aiatsis.gov.au/austlang/language/g52
394,G53,Lanima,"",0,0,https://collection.aiatsis.gov.au/austlang/language/g53
395,G6,Pitta Pitta,Pitha Pitha|Karanja|Kungkalenja|Pitapita|Rakkaia|Ringaringa|Bida Bida|Bidabida|Bitta Bitta|Bittha Bittha|Narrinyeri|Paruru|PittaPitta|Pittapitta|Ramindjerar|Ramindjeri|Ramingara|Raminjeri|Raminyeri|Ramong|Rormear|Tarbanawalun|Wangkahicho|Wangkahichs|Wangkapit:a|Wirramu mejo|Bidha Bidha|Bidhabidha,-22.628422569678,139.72474432995,https://collection.aiatsis.gov.au/austlang/language/g6
396,G7,Ringu Ringu,Pitta Pitta|Ringaringa|Karanja|Kungkalenja|Pitapita|Rakkaia|Njuntauntaya|Oringaroo|Ringa|Ringa Oringaroo|RingaRinga|Ringa Ringa|Ringa ringaroo|Ringoringo|Ringu ringu|Ringuringu|Runga Rungawah|Rungo Rungo|Yuntauntaya|Ringa Ringaroo,-22.879282506558,140.26477261119001,https://collection.aiatsis.gov.au/austlang/language/g7
397,G8,Yalarnnga,Yalarrnga|Jalanga|Jalannga|Wonganja|Yalannga|Yelina|Yellanga|Yellunga|Yallunga|Jalarnnga,-21.82184420257,139.71327081736001,https://collection.aiatsis.gov.au/austlang/language/g8
398,G9,Yanda,Jangaa|Janda|Yunda,-22.084736311002001,140.73881736939001,https://collection.aiatsis.gov.au/austlang/language/g9
399,G9.1,Guwa,Goa|Koa|Goamulgo|Coa|Coah,-22.036939228068,142.31935154191001,https://collection.aiatsis.gov.au/austlang/language/g9.1
400,K1,Yawuru,Yawur|Djauor|Jauor|Jawuru|Yawoorroo|Gawor|Jaoro|Jauro|Jauur|Kakudu Kakudu|Nawudu|Yaora|Yaoro|Yaoru|Yaroro|Yauera|Yauor|Yauro|Yawur|Yawuri|Yawurr,-17.943893293162,122.62530039144001,https://collection.aiatsis.gov.au/austlang/language/k1
401,K10,Warrwa,Kimberley Area Languages|Warwa|Kolaruma|Warrwai|Waruwa|Warwai|Wa:rwa,-17.275981416455,124.013625977670003,https://collection.aiatsis.gov.au/austlang/language/k10
402,K11,Walki,Walgi|Kija|Gidja|Kitja|Kuluwarrang|Lungga,-17.846140555337,127.063025221559997,https://collection.aiatsis.gov.au/austlang/language/k11
403,K12,Jaru,Djaru|Jaruru|Jaroo|Djaro|Jarroo|Jarrou|Jarrau|Charrau|Jaruo|Djara|Deharu|Njining|Njinin|Nyinin|Nining|Neening|Meening|Ka:biri|Karbery|Kodjangana|Ruby Creek tribe,-18.517289717412,128.22757747316001,https://collection.aiatsis.gov.au/austlang/language/k12
404,K13,Nyul Nyul,Njul Njul|Kimberley Area Languages|Nyulnyul|Njulnjul|Ngulnyul|Niol Niol|Njolnjol|Nyolnyol|Nyool Nyool|NyulNyul|Nyul nyul|Yowera,-17.028028750800999,122.70572928387,https://collection.aiatsis.gov.au/austlang/language/k13
405,K14,Unggumi,Worora|Ong Komi|Wongkomi|Ongaranjan|Ungumi|Ungami|Ngarangari,-17.088781372511999,124.86911767693999,https://collection.aiatsis.gov.au/austlang/language/k14
406,K15,Bardi,Baardi|Baard|Baada|Ba:d|Ba:di|Baad|Bad|Bard|Barda|Board,-16.668163920215,122.90225739947,https://collection.aiatsis.gov.au/austlang/language/k15
407,K16,Jawi,Djawi|Djaui|Towahi|Tohawi|Ewenu|Ewenyoon|Chowie|Djaw|Djau|Djaoi|Tohau i|Ewanji|I:wanja,-16.442415702498,123.26757774431999,https://collection.aiatsis.gov.au/austlang/language/k16
408,K17,Worrorra,Worora|Jaudibaia|Maialnga|Worara|Wororra|Worrara|Wurara|Wo`rora|Worrora|Wurora|Wurura|Variants of the language name:|Yangibaia|Kularri/Gularri south westerners,-15.621326448715,124.87587090613,https://collection.aiatsis.gov.au/austlang/language/k17
409,K18,Ngarinyin,Ngarinyin|Ungarinjin|Guwij|Munumburru|Ngarinjin|Ngarnawu|Wilawila|Wolyamidi|Andedja|Andidja|Angarinjin|Arawari|Arkarinjindja|Arkarrinyinjia|Gular|Ingarinjindja|Kandjalngari|Marangana|Molyamidi|Narrinyina|Narrinyind|Narrinyindi|Ngaring ngyan|Ngerringun|Njingarinjanja|Ogarinyan|Oladjau|Ungarinin|Ungarinjen|Ungarinyin|Unggarinjin|Unjarinjin|Unnarinjin|Walmidi|Wangarinjinu|Warnarinjin|WolJamidi|Wulanggu|Unarinjin|Arkarin jindja|Ungarin jen,-16.0038490610290012,126.0054328665199961,https://collection.aiatsis.gov.au/austlang/language/k18
410,K19,Guwij,Guwidj|Orla|Ngarinyin|Guidj,-15.28945961948,127.049662713009994,https://collection.aiatsis.gov.au/austlang/language/k19
411,K2,Jugun,Jukun|Dyugun|Djugun|Djurgun|Djukan|Jukan|Djugan|Tjugun|Tjukun|Djukun|Tjugan|Tjunung|Kularrabulu|Jukannganga,-17.786560192971,122.44504552718,https://collection.aiatsis.gov.au/austlang/language/k2
412,K20,Gija / Kija,Kitja|Lunga|Lungga|Gidja|Kuluwarrang|Walgi|Djarak|Djerag|Gidj|Gidya|Guidj|Guwidji|Gwidji|Keha|Kidja|Kiej|Kisah|Kisha|Kityu|Kutji|Kuitj|Kuitji|Kutnalawaru|Kwitj|Langgu|Longga|Loonga|Lungar|Lungu|Miwa|Paljarri|Tjarak|Walki|Waringari|WarrangariGidya|War ingari|Warrangari,-17.423987204478,127.39105081827999,https://collection.aiatsis.gov.au/austlang/language/k20
413,K21,Wanyjirra,Wanjdjirra|Gurinji|Wandjira|Wadshara|Manu|Manoo,-18.105865666511,129.70591481233001,https://collection.aiatsis.gov.au/austlang/language/k21
414,K22,Wunambal,Wunambul|Unambal|Jamindjal|Jarmindjal|Kanaria|Laiau|Peremanggurei|Unambalnge|Wanambal|Wardana|Winjai|Wonambul|Wumnabal|Wunambullu|Wunambulu|Kularri/Gularri south westerners|Wulanggu|Wunambal ngarri,-14.879395710842,125.46376386735,https://collection.aiatsis.gov.au/austlang/language/k22
415,K23,Andedja,Andadjin|Kimberley Area Languages|Andajin|Worla|Ola|Walajangarri|Andidja|Kular|Andidja/Andidjara|Ngarinjin|Wilawila|Wandidja|Wulandidja|Andidjari|Gular|Ungarinjin|Unarinjin|Warnarinjin|Angarinjin|Wangarinjinu|Arawari|Ingarinjindja|Njingarinjanja|Arkarin jindja|Oladjau|Marangana|Walmidi|Narrinyind|Ungarinyin|Ungarin jen|Ngaring ngyan|Ngerringun|Kandjalngari for Ngarinjin|Wular:|Taib|Wulu|Taibange|Munumbara|Munumburu|Kalari:|Andadja|Piarngongo|Kundjanan|Kandjanan|Ullumbuloo for Wilawila,-17.348596455615,126.12807829435,https://collection.aiatsis.gov.au/austlang/language/k23
416,K24,Waladjangari,Waladjangarri|Worla|Walajangarri|Andajin|Ola|Ngarinjin|Waladjangari/Wuladja|Wo:la|Wola|Wula|Woladjangari|Woolaja|Walandjari|Wolmardai|Waringari|Oladjau|Ngarangari|Ngalangari|Ngaiangari|Wardia,0,0,https://collection.aiatsis.gov.au/austlang/language/k24
417,K25,Munumburu,Munumburru|Ngarinyin|Guwij|Ngarinjin|Ngarnawu|Ungarinjin|Wilawila|Wolyamidi|Wilawiila|Wular:|Taib|Wulu|Taibange|Munumbara|Kalari:|Andedja|Andidja|Andadja|Piarngongo|Kundjanan|Kandjanan|Ullumbuloo,-15.277845865168,127.52770247631,https://collection.aiatsis.gov.au/austlang/language/k25
418,K26,Wolyamidi,Ngarinyin|Woljamidi|Woljamiri|Molyamidi|Kuluwara|Kulu waran|Guluwarin|Kolaia|Arawari|Arawodi|Yamandil,-15.636884022902,127.36442252051999,https://collection.aiatsis.gov.au/austlang/language/k26
419,K27,Bemba,Bembar|Bimba|Forrest River Mission language|Wenambal|Wanum baal|Wembria|Wemrade|Namula|Kulunggulu|Bugai|Jura|Marokorei|Mirray gona|Jan gala|Guragona|Guragoona|Waringnari|Kular|Kulari|Mulngane|Mulgane,0,0,https://collection.aiatsis.gov.au/austlang/language/k27
420,K28,Arawari,Other Australian Indigenous Languages|Arawarri|Arawodi|Arnga|Woljamidi|Woljamiri|Molyamidi|Kuluwara|Kulu waran|Guluwarin|Kolaia|Yamandil,0,0,https://collection.aiatsis.gov.au/austlang/language/k28
421,K29,Miriwoong / Miriuwung,Miriwung|Mariu|Miriung|Mariyung|Miriwong|Miriwu|Miriwun|Mirong|Mirriwong|Mirung|Moreng|Mireau,-15.886297346976,128.86767402237001,https://collection.aiatsis.gov.au/austlang/language/k29
422,K3,Nyikina,Njigina|Nyigina|Dja:ba|Negena|Nigena|Njigana|Njigena|Njikena|Njikini|Nyegena|Nygina|Nyi gini|Nyigini|Tjaba|Wanji|Yeeda|Niggene,-18.259398938966,124.060841287919999,https://collection.aiatsis.gov.au/austlang/language/k3
423,K30,Malngin,Gurinji|Gurindji|Kartangarurru|Korindji|Kurintji|Tjial|Wandjira|Maialnga|Mailnga|Malgin|Malngjin|Western,-17.235153811703,129.35371644187001,https://collection.aiatsis.gov.au/austlang/language/k30
424,K31,Wenambal,Bemba|Bugai|Guragona|Guragoona|Jangala|Jura|Kular|Kulari|Kulunggulu|Marokorei|Mirray gona|Mulgane|Mulngane|Namula|Wanumbaal|Waringnari|Wembria|Wemrade|Wanum baal|Jan gala,0,0,https://collection.aiatsis.gov.au/austlang/language/k31
425,K32,Yiiji,Yiidji|Forrest River|Kimberley Area Languages|Wunambal|Yeidji|Jeidji|Yeithi|Gujini|Gwini|Jeithi|Kuini|Kujini|Miwadange|Miwu|Morokorei|Ombalkari|Pikkolatpan|Umbalgari|Waringnari|Yeidthee|Yeeji|Yedji|Bugay,-15.139004382939,127.98886755601001,https://collection.aiatsis.gov.au/austlang/language/k32
426,K33,Kuluwarrang,Kitja|Guluwarin|Woljamidi|Woljamiri|Molyamidi|Kuluwara|Kulu waran|Kolaia|Arawari|Arawodi|Yamandil,-16.377113907312,127.97786580373,https://collection.aiatsis.gov.au/austlang/language/k33
427,K34,Jiyil,Gurindji|Tjial|Kartangarurru|Korindji|Kurintji|Malngin|Wandjira|Djial|Jiyilawung|Cheeal|Jael|Jeelowng|Geelowng,-17.217052205639,130.5393968075,https://collection.aiatsis.gov.au/austlang/language/k34
428,K35,Wilawila,Ngarinyin|Guwij|Munumburru|Ngarinjin|Ngarnawu|Ungarinjin|Wolyamidi|Andadja|Andedja|Andidja|Kalari|Kandjanan|Kundjanan|Munumbara|Munumburu|Piarngongo|Taib|Taibange|Ullumbuloo|WilaWila|Wular|Wulu|Wila Wila|Wular:|Kalari:,-15.077980095294,127.023116868309998,https://collection.aiatsis.gov.au/austlang/language/k35
429,K36,Gunin,Kwini|Kimberley Area Languages|Belaa|Kunan|Pela|Wirngir|Galumburu|Guini|Gwini|Pelah|Wadaja|Walar|Winggir|Wola|Wular|Cuini|Miwa|Konun|Konan|Konin|Gonin|Kaianu|Kianu|Kyanoo|Murgura|Kuna|Kunange|Gunan|Koonange|Mande|Manda|Pago|Bagu|Manungu|Manunggu|Kalumbura|Caloombooroo|Wulanggur|Ulagu Wulau|Ulangu|Umari|Boola|Pelange,-14.626847788773,127.66714933212999,https://collection.aiatsis.gov.au/austlang/language/k36
430,K37,Arnga,Arawari|Arawodi|Guluwarin|Kolaia|Kuluwara|Kuluwaran|Molyamidi|Woljamidi|Woljamiri|Yamandil|Kulu waran,0,0,https://collection.aiatsis.gov.au/austlang/language/k37
431,K37.1,Gajirrawoong,Gajirrawung|Kimberley Area Languages|Gadjerawang|Kadjerong|Gadjerong|Gadyerong|Kadjerawang|Kadjeroen|Kadpjeroen|Kajirrawung|Gadyarawang|Gajerong|Ginmu|Kadjarong|Kujera Gajirrawoong  the Mirrawoong name for Gajirrabeng|Gajirrabeng|Kujera,-15.293006956048,129.27469359968001,https://collection.aiatsis.gov.au/austlang/language/k37.1
432,K38,Mariung,Mariu,0,0,https://collection.aiatsis.gov.au/austlang/language/k38
433,K39,Gambera,Gamberre|Gambre|Kambure|Barurungari|Gamgre|Guwan|Kambera|Kamberange|Kambumiri|Kanbre|Purungari|Gambere|Kambre|Kularri/Gularri south westerners,-14.218114153615,126.34246111367,https://collection.aiatsis.gov.au/austlang/language/k39
434,K4,Ngumbarl,Ngombal|Ngormbal|Ngombaru|Ngoombal|Ngormbal Ngormbal|Numbal|Numbanbor|Numbol,-17.515180917297,122.49150473245,https://collection.aiatsis.gov.au/austlang/language/k4
435,K40,Gingara,Gingana,0,0,https://collection.aiatsis.gov.au/austlang/language/k40
436,K41,Galamburu,"",0,0,https://collection.aiatsis.gov.au/austlang/language/k41
437,K42,Wirngir,"",0,0,https://collection.aiatsis.gov.au/austlang/language/k42
438,K43,Worla,Waladja|Ngarinyin|Andajin|Ola|Walajangarri|Ngaiangari|Ngalangari|Ngarangari|Oladjau|Waladjangari|Walandjari|Wardia|Waringari|Wo:la|Wola|Woladjangari|Wolmardai|Woolaja|Wula|Wulu,-16.427686187055,127.21894002101,https://collection.aiatsis.gov.au/austlang/language/k43
439,K44,Miwa,Bagu|Arnhem Land|Daly River Region Languages|Pela|Boola|Caloombooroo|Galumburu|Gonin|Gunan|Kaianu|Kalumbura|Kianu|Konan|Konin|Konun|Koonange|Kuna|Kunange|Kyanoo|Manda|Mande|Manunggu|Manungu|Murgura|Pago|Pelange|Ulangu|Umari|Walar|Wulanggur|Wulangu|Miwi|Oombulgurri|Ulagu Wulau,-14.127304137837,127.041815621180007,https://collection.aiatsis.gov.au/austlang/language/k44
440,K45,Walar,Wirngir|Wular|Wola|Wadaja|Winggir,0,0,https://collection.aiatsis.gov.au/austlang/language/k45
441,K46,Manungu,Miwa|Konun|Konan|Konin|Gonin|Kaianu|Kianu|Kyanoo|Murgura|Kuna|Kunange|Gunan|Koonange|Mande|Manda|Pago|Bagu|Ba:gu|Manunggu|Galumburu|Kalumbura|Caloombooroo|Wulanggur|Ulagu Wulau|Ulangu|Umari|Pela|Boola|Pelange|Walar,0,0,https://collection.aiatsis.gov.au/austlang/language/k46
442,K47,Djerag,Kitja|Kidja|Gidja|Ku:tji|Kuitji|Kuitj|Gi:dj|Kwitj|Gwidji|Guidj|Guwidji|Kisah|Keha|Kisha|Kityu|Liej|Lungga|Longga|Loonga|Langgu|Lunga|Lungu|Paljarri|Djarak|Tjarak|War ingari|Warrangari|Kutnalawaru|Miwa|Walki,0,0,https://collection.aiatsis.gov.au/austlang/language/k47
443,K48,Julbayi,"",-18.196743780712,122.53611149037999,https://collection.aiatsis.gov.au/austlang/language/k48
444,K49,Umida,Umiida|Umede|Oomida|Umi:da|Wumide|Umi;da|Umeda|Umidi|Aobidai|Oken|Okat|Okwata|O:ka:ta|O:kada,-16.322781663654,123.85971331498,https://collection.aiatsis.gov.au/austlang/language/k49
445,K5,Bunuba,Bunaba|Punuba|Punaba|Booneba|Boonooba|Bunapa|Kunamba|Punamba|Punapa|Punupa|Buniba|Bunuban,-17.724740792483,125.60516873534,https://collection.aiatsis.gov.au/austlang/language/k5
446,K50,Doolboong,Dulbung|Tulpung|Du:l°ari|Duulngari|Kurramo|Dulngarri|Pokai|Kanjai|Wardaia|Wardai|Wardia,-15.036415688175,128.45716561639,https://collection.aiatsis.gov.au/austlang/language/k50
447,K51,Wawarl,"",-18.270335061883,127.85010162061999,https://collection.aiatsis.gov.au/austlang/language/k51
448,K52,Ngarnawu,Ngarinyin|Guwij|Munumburru|Ngarinjin|Ungarinjin|Wilawila|Wolyamidi|Nganau|Nganaw,-16.187649916373,127.2888468636,https://collection.aiatsis.gov.au/austlang/language/k52
449,K53,Yawijibaya,Yawidjibara|Yawuru|Yawjibara|Worora|Jaudjibaia|Jaudibaia|Jaudjibara|Jawdjibaia|Jawdjibara|Yaudjibara|Yaudjibaia|Alternative names:|Jawadjag|Winjawindjagu|Yawjibarra|Yaujibaia|Jawutjubar|Jadjibaia|Jaudji bara|Jadjiba|Bergalgu|Montgomery Islanders,-16.030656726265999,124.14875457827,https://collection.aiatsis.gov.au/austlang/language/k53
450,K54,Marangan,"",-17.970093695025,122.99718356203,https://collection.aiatsis.gov.au/austlang/language/k54
451,K55,Unggarrangu,Unggarangi|Ongkarango|Obagooma,-16.69360093802,123.67068184636,https://collection.aiatsis.gov.au/austlang/language/k55
452,K56,Winjarumi,Windjarumi|Djaruma,-15.302436425011,124.25940097655,https://collection.aiatsis.gov.au/austlang/language/k56
453,K57,Ginan,"",0,0,https://collection.aiatsis.gov.au/austlang/language/k57
454,K58,Barunjin,"",0,0,https://collection.aiatsis.gov.au/austlang/language/k58
455,K59,Gulunggulu,Wenambal,0,0,https://collection.aiatsis.gov.au/austlang/language/k59
456,K6,Gooniyandi,Guniyandi|Guniyan|Gunian|Gunijan|Konejandi|Kunian|Cowrana|Goonien|Gunan|Guniandi|Gunin|Gunyari|Konajan|Konean|Konejanu|Koneyandi|Kunan|Kuniandu|Wadeawulu|Guniyan|Gun ian|Wadea wulu|Bunuban family,-18.590969909164,126.17902403966001,https://collection.aiatsis.gov.au/austlang/language/k6
457,K60,Mailnga,"",0,0,https://collection.aiatsis.gov.au/austlang/language/k60
458,K61,Wulamban,"",0,0,https://collection.aiatsis.gov.au/austlang/language/k61
459,K62,Bayimbarr,"",-15.632671120357,127.97391654335,https://collection.aiatsis.gov.au/austlang/language/k62
460,K63,Giwajbem,"",-16.309513288172,128.25136757338001,https://collection.aiatsis.gov.au/austlang/language/k63
461,K64,Andajin,"",0,0,https://collection.aiatsis.gov.au/austlang/language/k64
462,K67,Eastern Bunuba,"",0,0,https://collection.aiatsis.gov.au/austlang/language/k67
463,K68,Western Bunuba,"",0,0,https://collection.aiatsis.gov.au/austlang/language/k68
464,K69,Baard,"",0,0,https://collection.aiatsis.gov.au/austlang/language/k69
465,K7,Nyininy,Njininj|Jaru|Nyinin|Djaro|Jarroo|Jarrou|Jarrau|Charrau|Jaruo|Djara|Deharu|Jaruru|Njining|Njinin|Nining|Neening|Meening|Ka:biri|Karbery|Kodjangana|Ruby Creek tribe,-18.069339826570001,128.58567265067001,https://collection.aiatsis.gov.au/austlang/language/k7
466,K8,Jabirr Jabirr,Djabirr Djabirr|Dyaberdyaber|Jabirrjabirr|Djaba Djaba|Djaberadjabera|Djaberdjaber|Djaberadjaber|Djaber Djaber|Djabirdjabir|Tjabartjabara|Tjabirtjabira|Tjabiratjabir,-17.23238856867,122.52741287823,https://collection.aiatsis.gov.au/austlang/language/k8
467,K9,Nimanburru,Nimanbur|Nimanburu|Nimanboorroo|Nimanbor|Nimanboro|Nimanboru|Ninambur|Ninamburu|Wadiabulu|Nimarnbur,-17.264739808971,123.13415808084,https://collection.aiatsis.gov.au/austlang/language/k9
468,L1,Narungga,Narangka|Narangga|Adjabdurah|Adjadura|Adjahdurah|Adjahdural|Moor in nunjie|Murinandji|Nanunga|Naranga|Narrang gu|Narrang u|Narranga|Narrangga|Narranggu|Narrangu|Narunga|Narrunga|Turra|Wallaroo tribe|Nar anga,-34.481869129775,137.59104124940001,https://collection.aiatsis.gov.au/austlang/language/l1
469,L10,Adnyamathanha,Adnymathanha|Adjnjamathanha|Adynyamathanha|Adnjamathanha|Jadliaura|Ngudlawara|Wailpi|Walypi|Adnamadana|Adjnjamatana|Adnamatana|Adnjamadana|Adnjamadhanha|Adnjamatana|Adnjamathera|Adnjmadhanha|Adnjnjamathanha|Adyamatana|Andjama Dana|Andyamatana|Anjamatana|Anjamutina|Anjimatana|Anjiwatana|Anjiwatina|Anyamatana|Archualda|Atjualda|Benbakanjamata|Benbakanjamatana|Binbarnja|Binbarnya|Gadjnjamada|Gadjnjamadja|Ganjamadna|Imatjara|Kanjamata|Kanjimata|Keidnamutha|Keydnjamarda|Keydnjmarda|Kudjamuther|Kudjchnamootha|Kudnamietha|Kutchhamootha|Kutchnamoota|Kutchnamootha|Mardala|Mardula|Ngatjuwalda|Nimalda|Nimbalda|Nimbaldi|Nuralda|Umbertana|Unyamatana|Unyamootha|Wadla|Wailbi|Wajalpi|Waljbi|Wipie|Adnyamathana|Adnjamadana Wailbi|Adnyamatana,-30.350211730328,138.88257707454,https://collection.aiatsis.gov.au/austlang/language/l10
470,L11,Pirlatapa,Pilardapa|Biladapa|Pilatapa|Berluppa|Biladepa|Biladhaba|Billidapa|Jarikuna|Pidlatapa|Piladapa|Pilladapa|Pillatapa|Pilliapp|Pillitapa|Pulladapa|Yarrikuna|Biladaba|Bilatappa|Billatapa|Yarri kuna,-29.839384635069,140.10042482577001,https://collection.aiatsis.gov.au/austlang/language/l11
471,L12,Wadigali,Wardikali|Wadikali|Evelyn Creek tribe|Nadikali,-29.260788242871,141.20964830662999,https://collection.aiatsis.gov.au/austlang/language/l12
472,L13,Arabana,Arabana|Arabana/Wangkangurru|Anna Creek tribe|Arabuna|Arabunna|Arapani|Arapina|Arebana|Arrabonna|Arrabunna|Arubbinna|Jendakarangu|Ngarabana|Nulla|Peake tribe|Rabuna|Urabuna|Urabunna|Urapuna|Urroban|Wangarabana|Wangarabuna|Wangarabunna|Wongkurapuna|Wongpurapuna|Wonkurabana|Yendakarang|Yendakarangu,-28.416910395878,136.083721237949987,https://collection.aiatsis.gov.au/austlang/language/l13
473,L14,Dhirari,Dirari|Tirari|Dhirrari|Thirrari|Terari,-28.598289091556,137.77483818376001,https://collection.aiatsis.gov.au/austlang/language/l14
474,L15,Karenggapa,Garanggaba|Karengappa|Karrengappa|Kurengappa|Karengapa,-29.175707232399,142.66888000722,https://collection.aiatsis.gov.au/austlang/language/l15
475,L16,Gungadidji,Birria|Kungadutji|Wangkumara|Kungatutji|Bidia|Kulumali|Marulta|Bundamara|Diraila|Jarumarra|Karendala|Mamwura|Ngandangara|Ngurawola|Punthamara|Thiraila|Wankumara|Gongadidji|Gundadidji|Gundadji|Gungadudji|Gunggadudji|Kunatacheel|Kunatatchee|Kungaditji|Kungarditchi|Kungkatuti|Palpakunu|Kunatachee,-26.351890738861,142.025275338770001,https://collection.aiatsis.gov.au/austlang/language/l16
476,L17,Dieri,Diyari|Tirari|Diari|Diyeri|Dieyerie|Deerie|Dieyrie|Dthee eri|Dayerrie|Dickeri|Kunari|Koonarie|Wongkadieri|Wonkadieri|Ti:ari|Urrominna,-28.228091015572,139.058415144169999,https://collection.aiatsis.gov.au/austlang/language/l17
477,L18,Yandruwandha,Yandruwanhdha|Thayipilthirringuda|Biralipa|Endawarra|Gandruwanda|Innamouka|Jandrawanda|Jandruwalda|Jandruwanda|Jandruwanta|Jandruwunta|Janduruwanda|Jendruwonta|Ngurunta|Yanderawantha|Yanderawartha|Yandra Wandra|Yandrawontha|Yandrinwantha|Yandruwanda|Yandruwanta|Yandruwonta|Yandruwunta|Yanduwulda|Yantowannta|Yantruwanta|Yantruwunta|Biraliba|Jendru wonta|Yandu wulda,-28.325841856362,140.39187764774999,https://collection.aiatsis.gov.au/austlang/language/l18
478,L19,Dhiraila,Ngura|Tereila|Thiralla|Mambanjura|Mamban yura|Mambangura|Mamwura|Ngandangura,-28.014414553241998,142.23869188357,https://collection.aiatsis.gov.au/austlang/language/l19
479,L2,Nauo / Nawu,Nhawu|Wirangu|Battara|Gnowoo|Growoo|Hilleri|Kadu|Kartwongulta|Naua|Nawa|Nawo|Ngao|Njao|Njau|Nowo|Wiljaru|Willuro|Kartawon gulta,-33.703990425696,135.43973598385,https://collection.aiatsis.gov.au/austlang/language/l2
480,L20,Mambangurra,Ngura|Wangkumara|Mamwura|Bundamara|Diraila|Jarumarra|Karendala|Kungatutji|Ngandangara|Ngurawola|Punthamara|Thiraila|Wankumara|Betharra|Eromarra|Jarumarda|Mambangura|Ngandangura|Ngandanguru|Unda Gnoora|Thereila|Thiralla|Mambanjura|Mamban yura,-28.601666302686,141.76302126145001,https://collection.aiatsis.gov.au/austlang/language/l20
481,L21,Waidjinga,Wychinga,0,0,https://collection.aiatsis.gov.au/austlang/language/l21
482,L22,Ngamini,Ngameni|Ominee|A:mini|Agamini|Agaminni|Ahminie|Ahminnie|Amini|Aumine|Aumini|Auminie|Awmani|Gnameni|Ngamani|Ngaminni|Ngnaminni|Uminnie|Aurnini,-26.94377210402,138.96118023310001,https://collection.aiatsis.gov.au/austlang/language/l22
483,L23,Yawarrawarrka,Yawarawarga|Yawarawarka|Jauraworka|Jawarawarka|Yaurorka|Yowerawoolka|Janweraworga|Jarawurga|Jaurorka|Jawarawarga|Jawarawonga|Jawaraworga|Yalaurawarka|Yarawuarka|Yarrawaurka|Yarrawoorka|Yarrawurka|Yarroworka|Yauarawaka|Yaurawakka|Yauraworga|Yauroka|Yauroworka|Yawarraworga|Yerawaka|Yowerawarrika|Yara wuarka,-26.534406581472,140.43913375356999,https://collection.aiatsis.gov.au/austlang/language/l23
484,L24,Ngurawala,Ngura|Wangkumara|Ngurawola|Bundamara|Diraila|Jarumarra|Karendala|Kungatutji|Mamwura|Ngandangara|Punthamara|Thiraila|Wankumara|Ngandanina|Ngurawarla,0,0,https://collection.aiatsis.gov.au/austlang/language/l24
485,L25,Wangkumara,Ngura|Bundamara|Diraila|Jarumarra|Karendala|Kungatutji|Mamwura|Ngandangara|Ngurawola|Punthamara|Thiraila|Wankumara|Balpamadramadra|Jaramarala|Papagunu|Wanggamara|Wanggumara|Wankgumara|Wongkumara|Wonkamara|Wonkamarra|Wonkamura|Wonkamurra|Wonkomarra|Wonkubara|Modern Wangkumara|Wonko marra|Wonku bara,-27.570485377228,141.8854183686,https://collection.aiatsis.gov.au/austlang/language/l25
486,L26,Punthamara,Ngura|Wangkumara|Bundamara|Diraila|Jarumarra|Karendala|Kungatutji|Mamwura|Ngandangara|Ngurawola|Thiraila|Wankumara|Bantha murra|Banthamurra|Boontha Murra|Boonthamurra|Bunka Burra|Buntamara|Buntamurra|Buntha burra|Bunthomarra|Puntamara|Bunthaburra|Bunthamara|Bundhamara,-27.342914265873,143.50243514013999,https://collection.aiatsis.gov.au/austlang/language/l26
487,L27,Wangkangurru,Arabana/Wangkangurru|Wangganguru|Wanggangurru|Wongkangurru|Gongaru|Kanguru|Ongkongura|Ongkonguru|Partama|Unganoora|Wanganguru|Wangganguri|Wangkanguru|Wingkungira|Wonganguru|Wongganguru|Wonggongaru|Wongkaguru|Wongkanguru|Wongkaooroo|Wongkongaru|Wongonooroo|Wonkagnurra|Wonkanguru|Wonkanooroo|Wonkaoora|Wonkaooroo|Wonkgongaru|Wonkongaru|Wonkongnuru|Wonkonguru|Wychinga|Wong kongaru|Wong kaooroo|Wongo nooroo,-25.886268570244,137.18175850191,https://collection.aiatsis.gov.au/austlang/language/l27
488,L28,Karangura,Ngamini|Karanguru|Andrawilla|Kararngura|Kurangooroo|Garanguru,-25.974874926463,138.73380121149,https://collection.aiatsis.gov.au/austlang/language/l28
489,L29,Kunandaburi,Ngura|Karendala|Kurnanda buri|Kunanda buri,-26.634725617431,142.59386228596,https://collection.aiatsis.gov.au/austlang/language/l29
490,L3,Kaurna,Nantuwara|Adelaide tribe|Coorna|Gaurna|Jaitjawar:a|Karnuwarra|Kaura|Koornawarra|Kurumidlanta|Medaindi|Medaindie|Meljurna|Merelde|Merildekald|Meyu|Midlanta|Milipitingara|Nantuwaru|Nganawara|Padnaindi|Padnayndie|Wakanuwan|Warra|Warrah|Widninga|Winaini|Winnaynie|Winnay nie|Medain die,-34.427147187684,138.40846624591001,https://collection.aiatsis.gov.au/austlang/language/l3
491,L3.1,Nanduwara,"",0,0,https://collection.aiatsis.gov.au/austlang/language/l3.1
492,L30,Ngandangara,Other Australian Indigenous Languages|Wangkumara|Bundamara|Diraila|Jarumarra|Karendala|Kungatutji|Mamwura|Ngurawola|Punthamara|Thiraila|Wankumara|Ngandangura|Jarumarda|Unda Gnoora|Eromarra,-26.823467775668,143.23893989363,https://collection.aiatsis.gov.au/austlang/language/l30
493,L31,Yarluyandi,Yaluyandi|Dieri|Jeljendi|Jelujendi|Yarlijandi|Yelyuyendi|Jeljujendi|Yarleeyandee|Yelyayendi|Yarluyardi|Yelyendi,-25.904464315313,139.49872761898001,https://collection.aiatsis.gov.au/austlang/language/l31
494,L32,Karanya,Karanja|Pitta Pitta|Karenya|Kurrana|Mooraboola Moorloobulloo|Ngulubulu|Ooloopooloo,-24.385538497749,139.86711213013001,https://collection.aiatsis.gov.au/austlang/language/l32
495,L33,Marula,Marrulha|Marrula|Dieri|Marulta,-25.355892581192,141.62364955928999,https://collection.aiatsis.gov.au/austlang/language/l33
496,L34,Mithaka,Midhaga|Dieri|Mittaka|Mittuka|Marunga|Marrala|Marranda|Murunuta|Mi daga,-25.272959343953,139.73829641457999,https://collection.aiatsis.gov.au/austlang/language/l34
497,L35,Karuwali,Garuwali|Karruwali|Dieri|Karawalla|Gara wali|Kurrawulla|Karorinje|Kuri walu|Goore,-24.95993610442,141.030677436180014,https://collection.aiatsis.gov.au/austlang/language/l35
498,L36,Pirriya,Bidia|Kunggari|Birria|Bidia|Kulumali|Kungadutji|Marulta|Biria|Piria,-25.491615917922,142.49024118310999,https://collection.aiatsis.gov.au/austlang/language/l36
499,L37,Gulumali,Birria|Kulumali|Bidia|Kungadutji|Marulta|Ngulangulandji|Ngulangulanji,0,0,https://collection.aiatsis.gov.au/austlang/language/l37
500,L38,Kungkari,Kuungkari|Gungari|Koongerri|Yangeeberra|Koonkerri|Kungeri|Yangeberra|Yankibura|Guunggari|Gunggari|Kunggari|Torra burri|Mokaburra|Tarawalla,-24.5383120242,144.27519218575,https://collection.aiatsis.gov.au/austlang/language/l38
501,L39,Wadjabangai,Wadjabangayi|Inningai|Muttaburra|Kariimari|Kun Gait|KunGait|Wadjabangay,-24.105589592666,145.81081019447001,https://collection.aiatsis.gov.au/austlang/language/l39
502,L4,Nukunu,Other Australian Indigenous Languages|Nugunu|Barutadura|Doora|Eura|Njuguna|Nokunna|Noocoona|Nookoona|Nuguna|Nukana|Nukuna|Nukunna|Nukunnu|Pukunna|Tjura|Tura|Tyra|Tyura|Warra|Wongaidja|Wongaidya|Nu guna,-32.817830198397,138.06943912073001,https://collection.aiatsis.gov.au/austlang/language/l4
503,L40,Maiawali,Mayawarli|Majuli|Malintji|Mullinchi|Myorli|Mi|li|Mially|Miouli|Myallee|Myalli|Myoli|Mayawali|Mayuli|Miorli|Maiali|Majawali|Mailly|Myall|Puruga,-23.419194927826,141.58754332603999,https://collection.aiatsis.gov.au/austlang/language/l40
504,L41,Iningai,Inningai|Muttaburra|Wadjabangai|Delleburra|Kana|Mootaburra|Moothaburra|Mutabura|Tateburra|Terreburra|Thararraburra|Yiningayi|Thararrabura|Yiningay|Muta bura,-23.085631875349002,144.87468021695,https://collection.aiatsis.gov.au/austlang/language/l41
505,L42,Yirandali,Yirandhali|Warungu|Dalleburra|Jirandali|Dalebura|Dalleyburra|Irendely|Pooroga|Yerrundulli|Yerrunthully|Yirendali|Dal leyburra,-21.157084196752,144.28292840718001,https://collection.aiatsis.gov.au/austlang/language/l42
506,L43,Bidjara,Ngura|Kullilla|Bitjara|Galali|Kalali|Minkabari|Bithara|Pitteroo|Wilya,-28.385675168414,143.0055258924099917,https://collection.aiatsis.gov.au/austlang/language/l43
507,L44,Yandjibara,Yanjdjibara|Kuungkari|Yangeeberra|Gungari|Koongerri,-24.656333529029,145.61087168822999,https://collection.aiatsis.gov.au/austlang/language/l44
508,L45,Parlpamardramardra,Parlpa Mardramardra|Balpamadramadra,-27.513283331203,141.24400867415,https://collection.aiatsis.gov.au/austlang/language/l45
509,L46,Nhirrpi,"",-26.955304630626,140.84024685515999,https://collection.aiatsis.gov.au/austlang/language/l46
510,L47,Matja,"",-27.322753246487,139.96254058225,https://collection.aiatsis.gov.au/austlang/language/l47
511,L48,Ngananhina,"",-26.339163329724,140.96008300781,https://collection.aiatsis.gov.au/austlang/language/l48
512,L49,Marunuda,Mitaka|Marrunada|Mittaka|Mittuka|Marunga|Marrala|Marranda|Murunuta|Mi daga,-24.938039460902,139.50241148904001,https://collection.aiatsis.gov.au/austlang/language/l49
513,L5,Ngadjuri,Aluri|Alury|Boanawari|Burra Burra|Abercrombie tribe|Doora|Eeleeree|Eura|Hillary|Hilleri|Manu|Manuley|Manuri|Mimbara|Monnoo|Ngadhuri|Ngadluri|Ngaluri|Ngarluri|Weera|Werra|Wiramaya|Wirameju|Wirameyu|Wirra|Wirramaya|Wirramayo|Wirrameyu|Yilrea|Youngye|Eeeleeree|Wirra maya|Boanawari Doora|Ngajuri,-32.930160660336,139.081231636510012,https://collection.aiatsis.gov.au/austlang/language/l5
514,L50,Midlaliri,Midlaliri,-29.186705329018,135.38377154392001,https://collection.aiatsis.gov.au/austlang/language/l50
515,L51,Mikiri-nganha,Mungathirri nganha from the high sandhills,-25.730188325148,137.14385554347001,https://collection.aiatsis.gov.au/austlang/language/l51
516,L52,Wangkakupa,Pularingunganha,-28.914306879886,136.16043806138001,https://collection.aiatsis.gov.au/austlang/language/l52
517,L53,Piltapalta,Pilta Palta,-27.722172662351,136.025875961230014,https://collection.aiatsis.gov.au/austlang/language/l53
518,L54,Wangkatyaka,Wanggadjaga|Marlu-papu-nganha|Karla-nganha|Wangkaytari|Wangkaytara|Southern Wongkonguru,-27.494531911425,137.58547319822,https://collection.aiatsis.gov.au/austlang/language/l54
519,L55,Wailpi,Adnyamathanha|Adnjamathanha|Jadliaura|Ngudlawara|Walypi|Adnamadana|Adjnjamatana|Adnamatana|Adnjamadana|Adnjamadhanha|Adnjamatana|Adnjamathera|Adnjmadhanha|Adnjnjamathanha|Adyamatana|Andjama Dana|Andyamatana|Anjamatana|Anjamutina|Anjimatana|Anjiwatana|Anjiwatina|Anyamatana|Archualda|Atjualda|Benbakanjamata|Benbakanjamatana|Binbarnja|Binbarnya|Gadjnjamada|Gadjnjamadja|Ganjamadna|Imatjara|Kanjamata|Kanjimata|Keidnamutha|Keydnjamarda|Keydnjmarda|Kudjamuther|Kudjchnamootha|Kudnamietha|Kutchhamootha|Kutchnamoota|Kutchnamootha|Mardala|Mardula|Ngatjuwalda|Nimalda|Nimbalda|Nimbaldi|Nuralda|Umbertana|Unyamatana|Unyamootha|Wadla|Wailbi|Wajalpi|Waljbi|Wipie,-30.948401962818,138.58299070717001,https://collection.aiatsis.gov.au/austlang/language/l55
520,L56,Yarrumada,Ngura|Ngandangura|Jarumarda|Unda Gnoora|Eromarra,-25.974299890785,143.84870235213,https://collection.aiatsis.gov.au/austlang/language/l56
521,L57,Minkabari,Ngura|Kullilla|Bitjara|Galali|Kalali|Mingabari|Bithara|Pitteroo|Wilya,-28.873143920075,142.60174318623999,https://collection.aiatsis.gov.au/austlang/language/l57
522,L59,Mundanbara,"",0,0,https://collection.aiatsis.gov.au/austlang/language/l59
523,L6,Parnkalla,Banggarla|Bangalla|Arkaba tura|Ba:Nggala|Ba:njgala|Bahanga la|Bahngala|Bangala|Banggala|Barngarla|Bungeha|Bungala|Bungela|Kooapidna|Kooapudna|Kortabina|Pangkala|Pankala|Pankalla|Pankarla|Parkalla|Parn kal la|Parnkala|Punkalla|Punkirla|Wanbirujurari|Willara|Willeuroo|Pangkarla|Bahn gala|Pan karla,-32.688365696005,136.81009043454,https://collection.aiatsis.gov.au/austlang/language/l6
524,L60,Ngura Wota,"",0,0,https://collection.aiatsis.gov.au/austlang/language/l60
525,L61,Kadli,"",0,0,https://collection.aiatsis.gov.au/austlang/language/l61
526,L62,Malintji,Maiawali|Majuli|Mullinchi|Myorli|Mullinchie,-23.534458167719,142.95289682084999,https://collection.aiatsis.gov.au/austlang/language/l62
527,L63,Jura,"",0,0,https://collection.aiatsis.gov.au/austlang/language/l63
528,L64,Parpagunu,"",0,0,https://collection.aiatsis.gov.au/austlang/language/l64
529,L65,Ngurunta,Runta|Runda,-30.733202555543,140.48285353774,https://collection.aiatsis.gov.au/austlang/language/l65
530,L66,Parlpakurnu,"",-26.257241095865,143.039893356379991,https://collection.aiatsis.gov.au/austlang/language/l66
531,L67,Eastern Wangkangurru,"",0,0,https://collection.aiatsis.gov.au/austlang/language/l67
532,L68,Wangkumara,"",0,0,https://collection.aiatsis.gov.au/austlang/language/l68
533,L69,Northern Dhirari,"",0,0,https://collection.aiatsis.gov.au/austlang/language/l69
534,L7,Yadliawara,Yardliyawara|Adnyamathanha|Jadliaura|Adnjamathanha|Ngudlawara|Wailpi|Walypi|Aluri|Alury|Arabatura|Arkaba tura|Arkabatura|Eura|Jadlijawara|Jadloori|Wonoka|Yadliaura|Yadlikowera|Yadliyawarra|Yadlouri|Yaldikowera|Yadliura|Yardliwarra,-31.097785772839998,139.80407621017,https://collection.aiatsis.gov.au/austlang/language/l7
535,L70,Southern Dhirari,"",0,0,https://collection.aiatsis.gov.au/austlang/language/l70
536,L8,Malyangapa,Maljangapa|Malyangaba|Ngurunta|Bulali|Bulalli|Karikari|Malgaaljangaba|Malja:pa|Maljanapa|Maljangaba|Malya napa|Malyanapa|Malyapa|Malynapa|Milya uppa|Milyauppa|Muliaarpa|Mullia arpa|Multyerra|Mulya napa|Mulya nappa|Mulyanapa|Mulyanappa|Nalyanapa|Malgangara,-30.556220950407,141.56727580898999,https://collection.aiatsis.gov.au/austlang/language/l8
537,L9,Kuyani,Guyani|Cooyiannie|Gujani|Kijani|Kiyani|Koonarie|Kooteeuna|Kooteeunna|Kooyeeunna|Kooyiannie|Kujani|Kuyanni|Kwiana|Kwiani|Nganitjidi|Ngannityddi|Ngannityiddi|Owinia,-29.999298087804,137.94221674657001,https://collection.aiatsis.gov.au/austlang/language/l9
538,N1,Nangor,Murinbata,0,0,https://collection.aiatsis.gov.au/austlang/language/n1
539,N10,Kuwema,Tyaraity|Tjerratj|Dak Tjerratj|Djerait|Tyeraity|Ponga Ponga|Pungupungu|Djeraidj|Dyeraidy|Kuwama|Guwema|Guwe|Nguluk Angguwe|Ponga ponga|Dek Tjerratj|Dek Tjirratj|Djeradj|Djiratj|Sherait|Djeraity|Tjerait|Cherites|Tjiras|Daktyeraty|Daktyerat|Cherait|Cherite|Jeerite|Scherits,-12.857392163183,130.42511404323,https://collection.aiatsis.gov.au/austlang/language/n10
540,N100,Gamalangga,Jarnango|Garmalangga|Karmalanga|Kokolango|Kokolangomala,0,0,https://collection.aiatsis.gov.au/austlang/language/n100
541,N101,Liyagawumirr,Dhuwal|Leyagawumirr|Liagaomir|Laigajomir|Laigojomir|Galbanuk|Galwanuk|Galwangug,0,0,https://collection.aiatsis.gov.au/austlang/language/n101
542,N102,Marri Ngarr,Maringarr|Marringarr|Maringar|Gidjingali|Marengar|Marringar|Merringar|Moil|Moyle|Muringa|Muringar|Murrinnga|Tangural|Yaghanin|Ngangikadre,-14.210694183312,129.85072627138001,https://collection.aiatsis.gov.au/austlang/language/n102
543,N103,Guyamirrilili,Guyamirlili|Gwijamil|Kwiyamil|Malara|Mulara|Duwala|Guyamil|Gwiyamil,0,0,https://collection.aiatsis.gov.au/austlang/language/n103
544,N104,Ritharrŋu,Ritharngu|Yakuy|Ritarungo|Yolngu|Daii|Diakui|Djinang|Djinba|Diagoi|Dijogoi|Diyaguyi|Ridarngo|Ridarngu|Ridarrngu|Ridharrngu|Ritaringo|Ritarngo|Ritarngu|Ritarnu|Rittarungo|Rittarungor|Rudarungo|Ritarrngu|Ridarno|Dhiyakuy|Djikai|Jikai|Tchikai|Dijogoi Ritarungo|Ritar ingo|Ritharingau|Buranad jini,-12.976187508954,135.39676575215,https://collection.aiatsis.gov.au/austlang/language/n104
545,N105,Gulunggurr,Gulungo|Kullungor|Kulunggor|Gulunggor|Gulu?gurr,0,0,https://collection.aiatsis.gov.au/austlang/language/n105
546,N106,Wägilak,Wagilak|Waagilak|Wagelag|Wagilag|Wawilak|Diakui|Wawulak|Waurilak|Nunydjulpi|Nundjulpi|Nundjuibi,0,0,https://collection.aiatsis.gov.au/austlang/language/n106
547,N107,Yalukal,Jaloogal|Jalugal|Yalugal|Nango,0,0,https://collection.aiatsis.gov.au/austlang/language/n107
548,N108,Liyagalawumirr,Dhuwal|Leyagalawumirr|Liaalaomir|Laigala wumiri|Laigulawulmiree,0,0,https://collection.aiatsis.gov.au/austlang/language/n108
549,N109,Guyula,Gujula|Gwiyula|Dhalpidhalpi|Dhalpiyalpi,0,0,https://collection.aiatsis.gov.au/austlang/language/n109
550,N11,Pungupungu,Kandjerramalh|Pungu Pungu|Wadiginy|Pongo pongo|Djiramo|Amijangal|Ami|Worgait|Worgite|Worgaid|Wa gait|Wagaidj|Wagite|Waggait|Waggite|Waggote|Waggute|Wagatsch|Wogite|Wargad|Murinwargad,-13.377337923711,130.44673432206,https://collection.aiatsis.gov.au/austlang/language/n11
551,N110,Lurlmarangu,Lulmarangu|Lulmarra?u,0,0,https://collection.aiatsis.gov.au/austlang/language/n110
552,N111,Madarrpa,Gupapuyngu|Mararba|Maderpa|Jithuwa|Jiduwa|Malarbardjuradj|Malarrbartjuray,0,0,https://collection.aiatsis.gov.au/austlang/language/n111
553,N112,Marra,Marranbala|Mara|Warndarang|Leelalwarra|Leelawarra|Mala|Walkonda|Mara; Leelalwarra|Mara; Leelawarra|Ma:ra|Maarra|Walkonda,-15.041258414509,135.41162976555,https://collection.aiatsis.gov.au/austlang/language/n112
554,N113,Galwanuk,Garlbanuk|Kalwanguk|Kalwanuk|Galwangug,0,0,https://collection.aiatsis.gov.au/austlang/language/n113
555,N113.1,Ngaladharr,Ngaladarr|Ngalado,0,0,https://collection.aiatsis.gov.au/austlang/language/n113.1
556,N114,Budalpudal,Bralbral|Marungun|Pural Pural|Bararrparar|Nango|Purel Purel|Bararrpararr,0,0,https://collection.aiatsis.gov.au/austlang/language/n114
557,N115,Djambarrpuyngu,Djambarbuyngu|Duwal|Djambarbino|Djambarwingu|Djambarpingu|Tjambarpoing|Djambarbwingu|Jambarboinga|Jum bapoingo|Djambarbingo|Djambarbwingo|Djambar pinga|Tchambarupi|Gujula|Gwiyula|Ngaladharr|Naladaer|Ngalado,0,0,https://collection.aiatsis.gov.au/austlang/language/n115
558,N116,Dhuwaya,Dhuwal/Dhuwala|possibly also Dhuwaya|Dhuwal,-12.266106095863,136.87009782499999,https://collection.aiatsis.gov.au/austlang/language/n116
559,N116.A,Bilin,"",0,0,https://collection.aiatsis.gov.au/austlang/language/n116.
560,N116.B,Birdingal,Bidingal|Biringal,0,0,https://collection.aiatsis.gov.au/austlang/language/n116.b
561,N116.C,Birrkili,Berrkali|Berrkali Gupapuy°u|Birgili,0,0,https://collection.aiatsis.gov.au/austlang/language/n116.c
562,N116.D,Dholpuyngu,Dabingu|Daboingu|Dablingu|Dalbingu|Dulbungu|Dolpuyngu,0,0,https://collection.aiatsis.gov.au/austlang/language/n116.d
563,N116.E,Dhäpuyngu,Dhabuyngu|Duwal|Dhäpuy?u|bottom Dhurili|Dhapuyngu|Wurrungguku|Wurungugu,0,0,https://collection.aiatsis.gov.au/austlang/language/n116.e
564,N116.F,Dätiwuy,Daatiwuy|Dhuwal|Datiwuy,0,0,https://collection.aiatsis.gov.au/austlang/language/n116.f
565,N116.G,Ding Ding,Diŋdiŋ|Dingding,0,0,https://collection.aiatsis.gov.au/austlang/language/n116.g
566,N116.H,Djamundja,Djamandja,0,0,https://collection.aiatsis.gov.au/austlang/language/n116.h
567,N116.J,Djirin,Deriny1,0,0,https://collection.aiatsis.gov.au/austlang/language/n116.j
568,N116.L,Maydyara / Maidjara,"",0,0,https://collection.aiatsis.gov.au/austlang/language/n116.l
569,N116.M,Malardordo,"",0,0,https://collection.aiatsis.gov.au/austlang/language/n116.m
570,N116.N,Mandatja,Manaidja|Manatja|Manadja|Djangu,0,0,https://collection.aiatsis.gov.au/austlang/language/n116.n
571,N116.O,Manydjalpuyngu,Manyjalpingu|Manjdjalpuyngu|Djinba,0,0,https://collection.aiatsis.gov.au/austlang/language/n116.o
572,N116.P,Mandjikai,Mandjigai,0,0,https://collection.aiatsis.gov.au/austlang/language/n116.p
573,N116.Q,Marrangu,Dhuwal|Marangu|Marra°u|Marrango|Duwal|Marrakuli|Merango,0,0,https://collection.aiatsis.gov.au/austlang/language/n116.q
574,N116.R,Marrungun,Murrungun|Djinang,0,0,https://collection.aiatsis.gov.au/austlang/language/n116.r
575,N116.S,Miliwuru,"",0,0,https://collection.aiatsis.gov.au/austlang/language/n116.s
576,N116.T,Murru,Gabin|Gapiny is a group name for Dartiwuy|Golumala|Kapin|Kopin|Morru|Ngaymil,0,0,https://collection.aiatsis.gov.au/austlang/language/n116.t
577,N116.U,Narrkala,Nargarla|Nharrkala,0,0,https://collection.aiatsis.gov.au/austlang/language/n116.u
578,N116.V,Raijang,"",0,0,https://collection.aiatsis.gov.au/austlang/language/n116.v
579,N116.W,Ralwia,Ralwai,0,0,https://collection.aiatsis.gov.au/austlang/language/n116.w
580,N116.X,Ngaymil,Ngayimil|Dhangu|Ngeimil|Makkanaimulmi,0,0,https://collection.aiatsis.gov.au/austlang/language/n116.x
581,N116.Y,Nungudulbuy,Numbiripala|Nungulrulboi,0,0,https://collection.aiatsis.gov.au/austlang/language/n116.y
582,N117,Djarrwark,Dayi|Daii|Taii Tai|Dalwango|Dalwongo|Dalwongu|Darlwongo|Dhalwangu|Djawark|Djarlwa:g,0,0,https://collection.aiatsis.gov.au/austlang/language/n117
583,N117.1,Murngin,Duwala|Duala|Du:ala|Wulamba,0,0,https://collection.aiatsis.gov.au/austlang/language/n117.1
584,N118,Dhay'yi,Dhayyi|Dayi|Yolngu|Daii|Ritharngu|Diakui|Djinang|Djinba|Dai|Dhayi|Taii Tai|Dalwango|Dalwongo|Dalwongu|Darlwongo|Dhalwangu|Djawark|Djarlwa:g,-13.373647951611,135.76201216414,https://collection.aiatsis.gov.au/austlang/language/n118
585,N119,Mӓlarra,Malara|Ma:rlarra,0,0,https://collection.aiatsis.gov.au/austlang/language/n119
586,N12,Matngala,Matngele|Madngele|Malak Malak|Madngela/Matngela|Gamu|Junggor|Kamor|Madngela|Matngela|Mulluk Mulluk|Ngulul Wanggar|Wooliana|Yunggor|Hermit Hill tribe|Maangella|Madngala|Madngella|Mandella|Matngelli|Muttangulla|Nundjulbi|Warat|Amadil|Muttangella|Ngengiwerat,-13.788621330341,130.43364625546999,https://collection.aiatsis.gov.au/austlang/language/n12
587,N120,Warndarrang,Wuyarrawala|Wandarang|Mara|Warndarang|Andarang|Wandaran|Wandarrang|Wandarung|Wanderang|Wangarong,-15.042941824801,135.34506155055999,https://collection.aiatsis.gov.au/austlang/language/n120
588,N121,Ngarnka,Ngarnga|Ngarndji|Gudanji|Ngewin|Gnuin|Leeillawarrie,-16.451671365113,134.82627684886,https://collection.aiatsis.gov.au/austlang/language/n121
589,N122,Dhurili,Durilji,0,0,https://collection.aiatsis.gov.au/austlang/language/n122
590,N122.1,Gupapuyngu,Gobabingo|Gobabuinga|Gobabwingo|Gobabwingu|Gobabwinnggu|Gobawingu|Gubabingu|Gubabuyngu|Gubawingu|Gupabwingu|Gupapuy°u|Kopapiugo|Kupapuingu|Kupapuyungu|Kupapuyngu|Duwala|Gababoinu|Kopapingo|Kopapoingo|Koparpingu|Dajoror,0,0,https://collection.aiatsis.gov.au/austlang/language/n122.1
591,N123,Bunanatjini,Buranadjini|Buranadjina/Buranadjini,0,0,https://collection.aiatsis.gov.au/austlang/language/n123
592,N124,Dhämalamirr,Darmarmiri,0,0,https://collection.aiatsis.gov.au/austlang/language/n124
593,N125,Gigi,Geki|Kiki,0,0,https://collection.aiatsis.gov.au/austlang/language/n125
594,N126,Nunydjirrpi,Nundjulbi,0,0,https://collection.aiatsis.gov.au/austlang/language/n126
595,N128,Wubuy / Nunggubuyu,Wubuy|Yingkwira|Nangabuya|Ningburia|Nuggaboju|Nugubuyu|Nungabuju|Nungabuya|Nungabuyu|Nungbuju|Nunggaboju|Nungguboiju|Nungguboiyu|Nunggubuju|Nunguboiyu|Nungubuju|Nungubuyu|Nunggabuyu|Nungkubuyu|Nun guboiyu,-13.86980990371,135.58861430229999,https://collection.aiatsis.gov.au/austlang/language/n128
596,N129,Bararrngu,Barrarrngor|Brangu|Perango|Nango|Bararr?u|Miliwurrwurr|Barangu,0,0,https://collection.aiatsis.gov.au/austlang/language/n129
597,N13,Maranunggu,Ami|Amijangal|Emmi|Emmiyangal|Manhthi Yangal|Maranjwarrgat|Menhtha|Merranunggu|Maramanunggu|Maranunga|Maranunggo|Maranungo|Maringar|Maringa|Marinunggo|Marranunga|Maranungku|Maran ungo,-13.758549539672,130.27162799195,https://collection.aiatsis.gov.au/austlang/language/n13
598,N130,Golpa,Gorlpa|Gorlba|Gorlbu|Guba|Gulba|Kolpa|Korlpa|Miliwuru|Nango|Girrkirr|Golbu|Golba,0,0,https://collection.aiatsis.gov.au/austlang/language/n130
599,N131,Warramirri,Warramiri|Wadameri|Wadamiri|Waramiri|Waramirri|Warawiri|Waroomari|Warramee|Warumari|Warameri|Djangu|Warumeri|War ramirri|Burada|Buratha|Budalpudal|Buralbural,0,0,https://collection.aiatsis.gov.au/austlang/language/n131
600,N132,Wurruḻuḻ,Uronlurl|Urrulula|Waroolul|Worah|Wurulul|Woralul|Wurrulul|Yirgala,0,0,https://collection.aiatsis.gov.au/austlang/language/n132
601,N133,Wurunggugu,Wurunggugu|Wurungugu|Wurru?guku,0,0,https://collection.aiatsis.gov.au/austlang/language/n133
602,N134,Wangurri,Wan|gurri|Dhangu|Wanguri|Wonguri|Wan:guri,0,0,https://collection.aiatsis.gov.au/austlang/language/n134
603,N135,Burarra,Burera|Burratha,0,0,https://collection.aiatsis.gov.au/austlang/language/n135
604,N136,Yithuwa,Jatuowe|Jiduwa|Yitua,0,0,https://collection.aiatsis.gov.au/austlang/language/n136
605,N137,Manggalili,Gumatj,0,0,https://collection.aiatsis.gov.au/austlang/language/n137
606,N138,Binbinka,Gudanji|Binbinga|Binbingha|Pinbinga|Leepitbinga|Bing Binga,-16.361365116629,136.045713148440001,https://collection.aiatsis.gov.au/austlang/language/n138
607,N139,Gälpu,Galpu|Gaalpu|Dhangu|Galbu|G„lpu|Kalpu,0,0,https://collection.aiatsis.gov.au/austlang/language/n139
608,N139.1,Makarrwanhalmirr,Magalranalmiri|Magarrwanhalmirri|Mugarganalmiri|Mukarrganalimiri|Duwala|Makarrwanhalmirri|Makarrganhalmirri|Munyuku|Mugarganal miri,0,0,https://collection.aiatsis.gov.au/austlang/language/n139.1
609,N14,Gungarakayn,Gungarakanj|Kungarakany|Gungarakayn|Cunerakan|Gundrakan|Gunerakan|Kangarraga|Kangarranga|Kumerakainj|Kungarakan|Ungnakan|Warnunger|Gungaraganj|Gungaragany|Koongurrukuñ,-13.233269244543,130.82520898536001,https://collection.aiatsis.gov.au/austlang/language/n14
610,N140,Rirratjingu,Dhangu|Riraidjangu|Rirraljinga|Riraidjango|Wurrulul|Woralul|Urorlurl,0,0,https://collection.aiatsis.gov.au/austlang/language/n140
611,N141,Gumatj,Gomaidj|Grumatj|Gumad|Gumadji|Gumady|Gumaidji|Gumait|Kainyao|Komaits|Kumait|Kumatj|Gumadj|Duwala|Gumaitj|Gumaidj|Go maid,0,0,https://collection.aiatsis.gov.au/austlang/language/n141
612,N142,Marrakulu,Dhuwal|Marragulu|Marrakula|Maragulu|Duwal,0,0,https://collection.aiatsis.gov.au/austlang/language/n142
613,N143,Djarn,Dyarn ,0,0,https://collection.aiatsis.gov.au/austlang/language/n143
614,N143.1,Dhalwangu,Dayi|Dalwangu|Daii|Taii Tai|Dalwango|Dalwongo|Dalwongu|Darlwongo|Djawark|Djarlwa:g,0,0,https://collection.aiatsis.gov.au/austlang/language/n143.1
615,N144,Bilamandyi,Bilmalandji|Bilamandji,0,0,https://collection.aiatsis.gov.au/austlang/language/n144
616,N145,Djapu,Dhuwal|Djabu|Tjapu|Jabu|Darmaramiri|Dhamalam irr|Maradungimi|Maradanggimiri|Marrathanggi mir,0,0,https://collection.aiatsis.gov.au/austlang/language/n145
617,N146,Marradhanggimirr,Maradanggimiri|Maradanggimirr|Maratanggimiri|Marradha?gimirr|Maradungimi,0,0,https://collection.aiatsis.gov.au/austlang/language/n146
618,N147,Lamami,Lamamiao|Lamumiri|Lamumirr|Llamamirri|Lummami|Dangu,0,0,https://collection.aiatsis.gov.au/austlang/language/n147
619,N148,Gobadeindamirr,Gobadeindamiri,0,0,https://collection.aiatsis.gov.au/austlang/language/n148
620,N149,Dhiyakuy,Yolngu|Diakui|Ritharngu|Daii|Djinang|Djinba|Dijogoi|Djikai|Jikai|Tchikai,0,0,https://collection.aiatsis.gov.au/austlang/language/n149
621,N149.1,Balamunu,Balamumu|Barlamomo,0,0,https://collection.aiatsis.gov.au/austlang/language/n149.1
622,N15,Emmi,Emmi/Merranunggu|Warrgat|Arnhem Land|Daly River Region Languages|Ami|Maranunggu|Amijangal|Emmiyangal|Manhthi Yangal|Maranjwarrgat|Menhtha|Merranunggu|Ami Ami|Ame|Berringin,-13.516783582753,130.11623677818,https://collection.aiatsis.gov.au/austlang/language/n15
623,N150,Galawlwan,Galawan|Galwalwan|Gaulwurl|Kalanlwun|Galawiwan,0,0,https://collection.aiatsis.gov.au/austlang/language/n150
624,N151,Anindilyakwa,Aninhdhilyagwa|Yingguru|Warnindilyakwa|Enindilyakwa|Ingura|Amakurupa|Andilagwa|Andiljaugwa|Andiljaukwa|Andilyaugwa|Anindiljaugwa|Anindilyaugwa|Awarikpa|En Indiljaugwa|Endiljaugwa|Enindiljaugwa|Enindilyaugwa|Groote Eylandt|Lamadalpu|Wani Ndiljaugwa|Wanindilyaugwa|Enindhilyagwa|Anindhilyakwa|Eninhdhilyagwa|Wanindilyaugwa Ingura,-13.931088898354,136.58538816162999,https://collection.aiatsis.gov.au/austlang/language/n151
625,N152,Walu,Yanuwa|Janjula|Wadere|Wardiri|Yanyula|Yanyuwa|Walu; Leewalloo|Walloo|Leewalloo|Waloo,-15.721192365026,137.027668785879996,https://collection.aiatsis.gov.au/austlang/language/n152
626,N153,Yanyuwa,Yanyula|Wadirri|Yanuwa|Janjula|Wadere|Walu|Wardiri|Yanyula|anjula; Aniula|Anjula|Anula|Anuwa|Anyoola|Anyula|Anyuwa|Djirukurumbant|Iangkala|Leanawa|Leeanuwa|Njangga|Njangkala|Unalla|Yangala|Yanula|Yanular|Yuckamurri|Yuggamurra|Janjula; Aniula|Janyula|Leealowa|Leeanwa|Wadidi|Wadiri|Yanngula|Wadeira|Yanyuwa; Aniula|Yanyuwa; Anyula|Aniula|Waderi|Yanguwa|Yuggamurra for Janjula|Waderi for Wadere,-15.802081068674,136.807861124,https://collection.aiatsis.gov.au/austlang/language/n153
627,N154,Nyangga,Njangga; Janga:|Jangaa|Jangga|Yanggal|Njangga; Jang kala|Njanggala|Yangarella|Yang kala|Yuckamurri|Dorobura|Durroburra|Jang kala Njang|Janga:|Njang jala|Purkaburra|Yang kal|Njangga|Janjula|Yanula|Yanular|Anjula|Anyula|Anyoola|Anyuwa|Yanyuwa|Aniula|Anula|Anuwa|Leanawa|Leeanuwa|Unalla|Djirukurumbant|Njangkala|Yangala|Iangkala|Yuggamurra,0,0,https://collection.aiatsis.gov.au/austlang/language/n154
628,N155,Garrwa,Garawa|Garawa|Karawa|Karawa; Garawa|Grawa|Kariwa|Karrawar|Kar´wa|Korrawa|Kurrawar|Leearawa|Wollongorang|Wulungwara|Karwa|Leearrawa|Korrwa|Garawa; Karawa|Garuwa|Garrawa|Karrwa,-16.856777918351,137.27377744598999,https://collection.aiatsis.gov.au/austlang/language/n155
629,N156,Nalawgi,"",0,0,https://collection.aiatsis.gov.au/austlang/language/n156
630,N157,Ngan'gi,NGANGI|Ngan|gi tjemerri|Nangikurrunggurr|Tyemeri|Nangityemeri,-14.228397404184,130.36426184922999,https://collection.aiatsis.gov.au/austlang/language/n157
631,N158,Murrinh-kura,Murrinh patha|Muringura/Murrinhkura|Murinbata|Muringura|Murrinhkura|Murinkura,-14.715900493032,129.94649704821001,https://collection.aiatsis.gov.au/austlang/language/n158
632,N159,Murrinhdiminin,Murrinh patha,-14.405140184257,129.81694907136,https://collection.aiatsis.gov.au/austlang/language/n159
633,N16,Maramanindji,Marramaninyshi|Marramanindjdji|Marimanindji|Marramaninjsji|Akaja|Arkiya Dilik|Lee wakya|Leewakya|Mangikurungu|Maramanandji|Marimanindu|Maritjamiri|Murinmanindji|Murintjameri|Tjameri|Ukkia|Waagai|Waagi|Wagai|Wagaiau|Wagaja|Waggaia|Waggaja|Wakaja|Wakaya|Wakkaja|Warkaia|Warkya|Wogaia|Woorkia|Worgai|Worgaia|Workaia|Workia|Workii|Marekaganda|Dilik,-13.970566788139,130.41820390983,https://collection.aiatsis.gov.au/austlang/language/n16
634,N160,Ngan'gimerri,Ngangimerri|Ngan|gimerri|Tyemeri|Nangityemeri,-14.0045925101909994,130.61190632135001,https://collection.aiatsis.gov.au/austlang/language/n160
635,N161,Marri Tjevin,Marritjevin|Maridjabin|Marrisjefin|Marrijebin|Marisyabin|Marrityabin|Marri Jabin|Murindzabin|Murindjabin|Maretyabin|Murintja bin|Murintjaran,-13.892795770497,129.84905309974999,https://collection.aiatsis.gov.au/austlang/language/n161
636,N162,Marri Amu,Marri Ammu|Marithiel|Mareammu,-13.811675815626,129.81000586207,https://collection.aiatsis.gov.au/austlang/language/n162
637,N163,Magati Ke,Magatige|Marti Ke|Marrithiyel|Matige|Brinken|Marri Ammu|Marridan|Marrisjefin|Magadige|Marri ge|Murrinh ge|Murrinh Ke|Muringair|Maritige|Muringata|Muringa|Muringe|Berinken|Berinkin|Berringin|Brinkan,-14.087643628892,129.71529902565999,https://collection.aiatsis.gov.au/austlang/language/n163
638,N164,Mariyedi,Marijedi|Murijadi|Marijadi,-13.721021641961,130.051307897129988,https://collection.aiatsis.gov.au/austlang/language/n164
639,N165,Marrabanggu,"",0,0,https://collection.aiatsis.gov.au/austlang/language/n165
640,N166,Marranumbu,"",0,0,https://collection.aiatsis.gov.au/austlang/language/n166
641,N167,Ngan-wirlang,"",0,0,https://collection.aiatsis.gov.au/austlang/language/n167
642,N168,Djimbilirri,"",0,0,https://collection.aiatsis.gov.au/austlang/language/n168
643,N169,Kerniyn'mi,Kerniynmi|Genhinjmi,-13.653748798659,133.58505062054999,https://collection.aiatsis.gov.au/austlang/language/n169
644,N17,Ngen'giwumirri,Ngengiwumirri|Ngan|gi wumeri|Nangikurrunggurr|Nanggiomeri|Nangiomeri|Nangumiri|Nangimera|Nangimeri|Nanggiwumiri|Nangi wumiri|Ngen gomeri|Mariwumiri|Murin wumiri|Wumiri,-14.24563928321,130.46131063960999,https://collection.aiatsis.gov.au/austlang/language/n17
645,N170,Gumunggurdu,"",0,0,https://collection.aiatsis.gov.au/austlang/language/n170
646,N171,Kundedjnjenghmi,Gundedjnjenghmi|Deynegmi|Deynekmi,-12.678797006489,133.42947679694001,https://collection.aiatsis.gov.au/austlang/language/n171
647,N172,Gunguluwala,"",0,0,https://collection.aiatsis.gov.au/austlang/language/n172
648,N173,Kuninjku,Guninjku|Bininj Bulkay|Kunwinjku Kunrayek|Kun rayek|kayakki|Na kerlk|Buboyen|an kerlk|Kune,-12.267661517906,134.041422373480003,https://collection.aiatsis.gov.au/austlang/language/n173
649,N174,Gurrigurri,"",0,0,https://collection.aiatsis.gov.au/austlang/language/n174
650,N175,Galduyh,Kaltuy|Rembarunga,-13.565604346328,134.38886244573001,https://collection.aiatsis.gov.au/austlang/language/n175
651,N176,Letpurrirt,Lhetburrirt,-14.155314254155,132.25380753215001,https://collection.aiatsis.gov.au/austlang/language/n176
652,N177,Ngarlahmi,Ngarlami,-14.088364788678,132.35995922452,https://collection.aiatsis.gov.au/austlang/language/n177
653,N178,Ngorrkgowo,"",-13.451842280087,131.67795069298,https://collection.aiatsis.gov.au/austlang/language/n178
654,N179,Ngardawuli,"",-11.289816506622,131.932295025,https://collection.aiatsis.gov.au/austlang/language/n179
655,N18,Jaminjung,Djamindjung/Ngaliwuru|Djamindjung|Alura|Jaminjang|Tjaminjun|Djamundon|Murinyuwen|Djamindjun|Tjamindjung|Djamunjun|Kaminjung|Djamadjong|Murinyuwan,-15.154028288381,130.39030229891,https://collection.aiatsis.gov.au/austlang/language/n18
656,N180,Urrirrk,Urrirk|Wurilg|Urilg,-11.917680427487,132.64868498288001,https://collection.aiatsis.gov.au/austlang/language/n180
657,N181,Wurdang,"",-11.287065943632,131.92353745374999,https://collection.aiatsis.gov.au/austlang/language/n181
658,N182,Gidjurra,Didjurra|idjurra,-12.132752733411,132.93719448067,https://collection.aiatsis.gov.au/austlang/language/n182
659,N183,Manangkarri,Mananggari|Naragani|Manangkari,-11.555480905047,133.17252611089,https://collection.aiatsis.gov.au/austlang/language/n183
660,N184,Ilgar,Yilga|Ilgarr,-11.070925980469999,132.90742242194,https://collection.aiatsis.gov.au/austlang/language/n184
661,N185,Burdinmanduwij,"",-11.310284499821,131.92911837038,https://collection.aiatsis.gov.au/austlang/language/n185
662,N186,Bininj Gun-wok / Bininj Kunwok,Kunwinjkuan|Bininj Gunwok,-12.577995865423,133.55663593801,https://collection.aiatsis.gov.au/austlang/language/n186
663,N188,Garig,Garik|Iwaidja|Gaari|Adawuli|Djalakuru|Garrig|Jaako|Jiwadza|Marlgu|Oitbi|Uruku|Wurango|Gurik|Gari,-11.24584450928,132.41840722712999,https://collection.aiatsis.gov.au/austlang/language/n188
664,N189,Mukngirru,"",-12.927609963479,130.53746686425001,https://collection.aiatsis.gov.au/austlang/language/n189
665,N19,Ngaliwurru,DjamindjungINgaliwuru|Djamindjung|Ngaliwuru|Ngaliwerun,-16.072627723339998,130.54232721557,https://collection.aiatsis.gov.au/austlang/language/n19
666,N190,Gun-narda,Gunarda|Gu-jingarliya |Gidjingali|Martay|Burarra,-12.127895268284,134.66192125409,https://collection.aiatsis.gov.au/austlang/language/n190
667,N191,Gun-narta,Gu-jingarliya|Gidjingali|An-barra|Anbara|Burarra|Burrara,-12.107131304473,134.48837780654,https://collection.aiatsis.gov.au/austlang/language/n191
668,N192,Dhangu,Dangu|Yirgala,-12.426984404463,136.60732559292001,https://collection.aiatsis.gov.au/austlang/language/n192
669,N193,Golumala,Dhangu|Dangu,0,0,https://collection.aiatsis.gov.au/austlang/language/n193
670,N194,Buralka,"",0,0,https://collection.aiatsis.gov.au/austlang/language/n194
671,N195,Dhamarrangdji,"",0,0,https://collection.aiatsis.gov.au/austlang/language/n195
672,N196,Nyekuymirri,"",0,0,https://collection.aiatsis.gov.au/austlang/language/n196
673,N197,Wutjara,"",0,0,https://collection.aiatsis.gov.au/austlang/language/n197
674,N198,Dhuwal,Dhuwal/Dhuwala|possibly also Dhuwaya|Duwal|Murngin|Wulamba|Balamumu|Barlamomo|Barlamumu|Malag|Marlark|Arrawiya|Banjarrpuma|Bilamandji Dhurili|Durilji,-12.71246520501,136.0098574836599994,https://collection.aiatsis.gov.au/austlang/language/n198
675,N199,Dhuwala,Duwala|Duala|Du:ala|Murngin|Wulamba,-12.654045147572,135.95812025518001,https://collection.aiatsis.gov.au/austlang/language/n199
676,N2,Yilngali,Ilngali|Jilngali|Nungali,0,0,https://collection.aiatsis.gov.au/austlang/language/n2
677,N20,Tiwi,Tunuvivi|Diwi|Nguiu|Nimara|Wonga:k|Wongak|Woranguwe|Wunguk|Wunuk|Yeimbi|Ni mara,-11.563361220759,130.75974911355999,https://collection.aiatsis.gov.au/austlang/language/n20
678,N200,Munyuku,Gupapuyngu,0,0,https://collection.aiatsis.gov.au/austlang/language/n200
679,N201,Gumadir,Gunwinggu,-12.481126101166,133.56360614789,https://collection.aiatsis.gov.au/austlang/language/n201
680,N202,Djangu,Django,-12.147402815005,136.42130478688,https://collection.aiatsis.gov.au/austlang/language/n202
681,N203,Manyarring,"",0,0,https://collection.aiatsis.gov.au/austlang/language/n203
682,N204,Mildjingi,Djinang,0,0,https://collection.aiatsis.gov.au/austlang/language/n204
683,N205,Airiman,Ngarinyman|Wagiman|Tagoman|Wagoman,0,0,https://collection.aiatsis.gov.au/austlang/language/n205
684,N206,Djadiwitjibi,Djardiwitjibi|Djinang,0,0,https://collection.aiatsis.gov.au/austlang/language/n206
685,N207,Wora,"",0,0,https://collection.aiatsis.gov.au/austlang/language/n207
686,N208,Munggurrpi,"",0,0,https://collection.aiatsis.gov.au/austlang/language/n208
687,N209,Däbi,Djinba,0,0,https://collection.aiatsis.gov.au/austlang/language/n209
688,N21,Larrakia,Larrakiya|Gulumirrgin|Laragia|Larakia|Binnimiginda|Gunmajerrumba|Laragai|Laragiya|Larakeeyah|Larakiya|Larikia|Larragea|Larrakeah|Larrakeeha|Larrakeeyah|Larrakiha|Larreekeeyah|Larrekiya|Larriguia|Larrikaa|Larrikia|Larrikiha|Larrikiya|Larriquia|Marri|Woolsoongah|Larragia|Larekia|Ngandalagarak Larrakeah|Larrak eah,-12.51763346522,130.84139962194001,https://collection.aiatsis.gov.au/austlang/language/n21
689,N210,Walmapuy,"",0,0,https://collection.aiatsis.gov.au/austlang/language/n210
690,N211,Nhangu,Nango|Nangu|Murungga|Miarrmiarr,-11.85322092545,135.70220743367,https://collection.aiatsis.gov.au/austlang/language/n211
691,N212,Gurriyindi,Gurryindi|Nango|Gorryindi|Gurjindi,0,0,https://collection.aiatsis.gov.au/austlang/language/n212
692,N213,Bindararr,"",0,0,https://collection.aiatsis.gov.au/austlang/language/n213
693,N214,Menthajangal,"",0,0,https://collection.aiatsis.gov.au/austlang/language/n214
694,N215,Marranj,"",-13.65277213493,130.07367508370001,https://collection.aiatsis.gov.au/austlang/language/n215
695,N216,Ngurruwula,"",0,0,https://collection.aiatsis.gov.au/austlang/language/n216
696,N217,Buwarrpuwarr,"",0,0,https://collection.aiatsis.gov.au/austlang/language/n217
697,N218,Mininggiri,"",0,0,https://collection.aiatsis.gov.au/austlang/language/n218
698,N219,Manggurra,Diakui|Ma?gurra|Manggura,0,0,https://collection.aiatsis.gov.au/austlang/language/n219
699,N22,Malak Malak,Mullukmulluk|Gamu|Junggor|Kamor|Madngela|Matngela|Mulluk Mulluk|Ngulul Wanggar|Wooliana|Yunggor|Djiramo|Malack malack|Malag Malag|Malagmalag|Mallackmallack|Mallak mallak|Mollak mollak|Mullik mullik|Mullikmullik|Mulukmuluk|Ngolak wonga|Ngolokwangga|Ngoluk wanggar|Ngulugwongga|Ngulukwongga|Nguluwongga|Valli valli|Mollakmollak|Mullu Mulluc|Ngolok Wangar|Ngululwanga|Ngulugwanga,-13.548773042487,130.55241427694,https://collection.aiatsis.gov.au/austlang/language/n22
700,N220,Giimbiyu,Giimbiyu|Arnhem Land|Daly River Region Languages|Geimbio,-12.480824015895,133.056411736280012,https://collection.aiatsis.gov.au/austlang/language/n220
701,N221,Muralidban,Gunwinggu,-12.241199718544,134.18240593369001,https://collection.aiatsis.gov.au/austlang/language/n221
702,N222,Ngunbudj,"",0,0,https://collection.aiatsis.gov.au/austlang/language/n222
703,N223,Wandangbag,"",-12.312678455805,132.97824919609999,https://collection.aiatsis.gov.au/austlang/language/n223
704,N224,Gonbudj,Konbudj|Bardaya|Mabakala|Ngunbudj|Gunbudj|Koarnbut|Ngonbudj|Ba’rdaaya|Badaya,-12.453436261982,132.15649887041999,https://collection.aiatsis.gov.au/austlang/language/n224
705,N225,Meritjamui,"",0,0,https://collection.aiatsis.gov.au/austlang/language/n225
706,N226,Giyug,"",-13.16822762497,130.053520554529996,https://collection.aiatsis.gov.au/austlang/language/n226
707,N227,Karaman,"",0,0,https://collection.aiatsis.gov.au/austlang/language/n227
708,N228,Bararrpararr,Gumurrwalirrbuy|Morru,0,0,https://collection.aiatsis.gov.au/austlang/language/n228
709,N229,Ngalarrunga,"",-15.900873682573,133.19732154296,https://collection.aiatsis.gov.au/austlang/language/n229
710,N230,Yolngu Matha,Murngin|Wulamba,0,0,https://collection.aiatsis.gov.au/austlang/language/n230
711,N24,Nangiblerbi,Nangliblerbi,0,0,https://collection.aiatsis.gov.au/austlang/language/n24
712,N25,Warray,Waray|Awara|Parlamarnyin|Warai|Wolwonga|Arwur|Awarai|Awarra|Awarrai|Warei|Warrai|Wulwongga|Woolwonga,-13.163241744303,131.25381620882999,https://collection.aiatsis.gov.au/austlang/language/n25
713,N26,Yunggor,Madngele,-13.597300238836,130.41340568012001,https://collection.aiatsis.gov.au/austlang/language/n26
714,N27,Wagiman,Wageman|Airiman|Tagoman|Wagoman|Ongkakaringa|Wagaman|Wogeman|Wongkakaringa|Wakiman|Wogeman; Wongkakaringa,-14.012172251408,131.16935888386001,https://collection.aiatsis.gov.au/austlang/language/n27
715,N28,Nungali,Nungulu|Jilngali|Ilngali,-15.590178428466,130.85709333182999,https://collection.aiatsis.gov.au/austlang/language/n28
716,N29,Wuna,Wulna|Woolna|Djerimanga|Beriguruk|Wolna|Woolner|Wulnar|Birrigarak|Berrigurruk|Berugurruk|Djeramanga|Jermangel|Waak|Woolnah|Woolner for Djerimanga|Perrigurruk|Eri|Erei|Rereri|Reveri for Beriguruk|Wunna,-12.475167242034,131.37297187473999,https://collection.aiatsis.gov.au/austlang/language/n29
717,N3,Murrinh-patha,Murrinh patha|Murinbata|Muringura|Murrinhkura|Murinjbada|Murinypata|Murinypatha|Murrinh diminin|Murrinh gurra|Murrinhpatha|Murinjpata|Murinbada|Marri wutha|Karama|Garama|Karaman|Murinkura|Nagor|Nangu|Mariwada|Mariwuda,-14.747346346964,130.0034642159500038,https://collection.aiatsis.gov.au/austlang/language/n3
718,N30,Djowei,Arnhem Land|Daly River Region Languages|Kumertuo|Limilngan|Beriguruk|Lemil|Minidja|naWinjmil|Norweilemil,0,0,https://collection.aiatsis.gov.au/austlang/language/n30
719,N31,Batjamalh,Wadjiginj|Wadjiginy|Wadyiginy|Patjtjamal|Wagait|Waggite|Wogait|Batjamal|Batjemal|Bajamala|Batyamal|Batymal|Wadjigin|Wadjingy|Wogatj|Wagaitj|Worgait|Worgite|Waggait|Waggote|Waggate|Wagatsch|Waogatsch|Wadjinginj|Waggites|Wargad|Wogadj|Worgaid|Worgaidj|Wogath|Wogaity|Wogite|Wogaidj|Wogait is a misnomer for Wadyiginy|Their langauge Wadyiginy|which has another sub dialect called Batyamal|Wadyiginy has several variant spellings|namely|Wdadjingi|Amijangal|Ami|Wa gait|Wagaidj|Wagite|Waggute|Murinwargad,-13.208840010675,130.27404035772,https://collection.aiatsis.gov.au/austlang/language/n31
720,N32,Wulwulam,Beriguruk|Aggradundi|Aggrakundi|Agigondin|Agikwala|Agiqwolla|Agiwallem|Agoguila|Agrakundi|Agrikondi|Aquguila|Awinmil|Awinmul|Awinnmull|Giyuk|Oolawunga|Oolwunga|Peron Island|Wia willam|Wilwangga|Wolna|Wolonga|Wolwanga|Wolwongga|Woolwonga|Wulna|Wulnar|Wulwanga|Wulwonga|Wulwullam|Wuna|Wailwullam|Oola wunga,-13.641713801431,132.054632108459998,https://collection.aiatsis.gov.au/austlang/language/n32
721,N33,Kamu,Malak Malak|Gamu/Kamor|Gamu|Junggor|Kamor|Madngela|Matngela|Mulluk Mulluk|Ngulul Wanggar|Wooliana|Yunggor|Gamor|Gamy|Kamorrkir|Komorrkir|Murra Kamangee|Ngangigmor,-13.612558220435,130.77845772137999,https://collection.aiatsis.gov.au/austlang/language/n33
722,N34,Garama,Murrinh Patha|Djamindjung name for Murrinh Patha,0,0,https://collection.aiatsis.gov.au/austlang/language/n34
723,N35,Wardaman,Wadaman|Wadderman|Waderman|Waduman|Warduman|Wartaman|Wordaman,-15.3569280628,131.52699746907999,https://collection.aiatsis.gov.au/austlang/language/n35
724,N36,Bilinarra,Pilinara|Ngarinman|Bunara|Bilinara|Bilinurra|Bilyanarra|Bilyanurra|Plinara|Pillenurra|Billianera|Bulinara|Bringara|Boonarra,-16.966859566959,130.74496547136999,https://collection.aiatsis.gov.au/austlang/language/n36
725,N37,Wurrugu,Popham Bay language|Iyi|Limpapiu|Wurango|Iji|Jarle|Lyi|Urugu|Warange|Warragu|Warrka|Warrooka|Wurengo|Wurruga|Yarlo|Wurangu|Wurrunga|Wurrango|Wuruku|Uruku|Auwul warwak|Wareidbug|Woreidbug|Warooko|Jalo|Limba Karadjee,-11.36143458276,132.09312361872,https://collection.aiatsis.gov.au/austlang/language/n37
726,N37.1,Uwinymil,Uwinjmil|Awinjmil|Winjmil|Limilngan|Norweilemil|Beriguruk|Djowei|Lemil|Minidja|naWinjmil|Noalanji|Norweilimil|Awinmul|Uwiynmirr|Awinymil|Ngalwenmil|Agiwallem|Noalanji for Norweilemil|Awinnmull|Awinmil for Awinmul,-13.311520478115,131.77548042018,https://collection.aiatsis.gov.au/austlang/language/n37.1
727,N38,Dagoman,Wagiman|Tagoman|Airiman|Wagoman|Wogba|Togeman|Dogeman|Togiman,-14.441000044493,131.87759795897,https://collection.aiatsis.gov.au/austlang/language/n38
728,N39,Iwaidja,Iwaydja|Adawuli|Djalakuru|Gaari|Garrig|Jaako|Jiwadza|Marlgu|Oitbi|Uruku|Wurango|Eae warge ga|Eaewandja|Eaewardja|Eaewarga|Eawaitja|Eewardja|Eiwaja|Gari|Idjduwa|Ilkar|Iwaidji|Iwaija|Iwaiji|Iwaji|Iyi|Jewitcha|Ji:wadja|Jiwadja|Jiwaidja|Juwadja|Limba Kar adjee|Limba karadjee|Limbakaraja|Manduwid|Ngadalwuli|Oidbi|Tarula|Unalla|Uwaidja|Yiwadja|Yiwadya|Yiwayja|Yiwaidja|Iwaja|Limba Karadjee,-11.612947182736,132.69622018506999,https://collection.aiatsis.gov.au/austlang/language/n39
729,N40,Ngaduk,Gagudju|Ngardok|Kakadu|Kakudju|Aragu|Ad dok|Bimbirik|Gnaruk|Ngadok|Ngadug|Ngadulg|Ngardog|Ngarduk|Ngardulk|Ngarug|Ngaruk,-12.21167798551,132.59603008152001,https://collection.aiatsis.gov.au/austlang/language/n40
730,N40.1,Ngomburr,Ngumbur|Ngurmbur|Ngombur|Murumburr|Ambugula|Ambuku:la|Corm bur|Gnormbur|Gnornbur|Gnumbu|Koarnbut|Nambuguja|Ngorbur|Ngorm bur|Ngormbur|Ngumbu|Numbugala|Oorm bur|Oormbur|Umbugarla includes Umbugarla proper|It also appears that it may have included Bugurnidja|Numbu gala,-12.79362392391,132.12958497813,https://collection.aiatsis.gov.au/austlang/language/n40.1
731,N42,Limilngan,Limit|Minitja|Beriguruk|Djowei|Lemil|Minidja|naWinjmil|Norweilemil|Baneidja|Banidja|Banindja|Buneidja|Buneidya|Manidya|Minnitji|Peneitja|Punaka|Puneitja|Punuurlu|Manidja|Menassie|Buneitja,-12.525601826077,131.72401076624001,https://collection.aiatsis.gov.au/austlang/language/n42
732,N42.1,Bugurnidja,Bugurndidja|Bukurnidja|Banidja|Buneidja|Puneitja|Wada|Watta|Bin gongina|Bingongina|Bugongidja|Bugunidja|Bukurni:dja|Barnidja,-12.76591096877,132.70212951063999,https://collection.aiatsis.gov.au/austlang/language/n42.1
733,N43,Mbukarla,Umbugarla|Puneitja|Bugula|Numbugala|Ambugala,-12.983006563057,132.36658194341001,https://collection.aiatsis.gov.au/austlang/language/n43
734,N44,Mayali,Gunwinjgu|Mayali|Bininj Gun wok|Neinggu|Gunwinggu|Kundjeymi|Djeibmi|Gundjeibmi|Maia:li|Maiaili|Maiali|Maiawali|Maieli|Maielli|Mailly|Majali|Majeli|Majuli|Mayaalia|Mayuli|Miorli|Myali|Myall|Myallee|Myoli|Puruga|Rembarunga|Rembarrnga|Rembaranga|Rembarnga|Rem branga|Ranjbarngo|Rainbarngo|Reinbaranga|Rem barrna,-14.080326620928,132.45369466362999,https://collection.aiatsis.gov.au/austlang/language/n44
735,N45,Marrku,Marrgu|Terrutong|Yaako|Raffles Bay language|Croker Island language|Margu|Iwaidja|Marlgu|Adawuli|Djalakuru|Gaari|Garrig|Jaako|Jiwadza|Oitbi|Uruku|Wurango|Ajokoot|Mago|Margo|Terutong|Yako,-11.157663294781,132.56024002888,https://collection.aiatsis.gov.au/austlang/language/n45
736,N46,Oitbi,Iwaidja|Adawuli|Djalakuru|Gaari|Garrig|Jaako|Jiwadza|Marlgu|Uruku|Wurango|Bidjenelumbo|Bijnalumbo|Binjnalumbo|Bynalumbo|Heutbi|Oidbi|Oitbo|Bidjene lumbo,0,0,https://collection.aiatsis.gov.au/austlang/language/n46
737,N47,Amurdak,Amurdag|Wardadjbak|Amooridiyu|Amarag|Amarak|Amurrag|Amurag|Amurrak|Amurtak|Amuruk|Mamurug|Monobar|Namurug|Ngamrrak|Ngamurag|Ngamurak|Umoordak|Umoreo|Umoriu|Amardak|A'moordiyu|Woraidbug|Mono bar,-11.950287363885,132.87361226866,https://collection.aiatsis.gov.au/austlang/language/n47
738,N48,Wareidbug,Warejdbug|Wurango|Wurrunga|Wurrango|Wuru:ku|U:ru:ku|Auwul warwak|Wa:reidbug|Woreidbug|Warooko|Ja:lo|Yarlo|Limba Karadjee,0,0,https://collection.aiatsis.gov.au/austlang/language/n48
739,N49,Nambuguja,"",0,0,https://collection.aiatsis.gov.au/austlang/language/n49
740,N5,Alura,Jaminjung|Djamindjung|Allura|Hallurra|Nallura,0,0,https://collection.aiatsis.gov.au/austlang/language/n5
741,N50,Gaagudju,Gagadu|Gagudju|Kakadu|Kakudju|Ngardok|A:rwu:r|Abedal|Abiddul|Arwur|Auwur|Awur|Gagadju|Gagadyu|Ka:ka:dju|Kadadju|Kakakta|Kakata|Kakatu|Karkadoo|Karkardoo|Kukata|Katata|Abedal|Gaguju|Kakaju|Awoy|Kakadju,-12.434077327456,132.671608496,https://collection.aiatsis.gov.au/austlang/language/n50
742,N51,Wada,Bukurnidja|Wada/Watta|Banidja|Buneidja|Puneitja|Watta|Marianbirik|Marigianbirik|Wa:a|Wad:a|Wadjigi:n|Wadaa|Wadda,-12.469898570642,132.56365390607999,https://collection.aiatsis.gov.au/austlang/language/n51
743,N52,Widjilg / Widyilg,"",0,0,https://collection.aiatsis.gov.au/austlang/language/n52
744,N53,Mengerrdji,Mangerr|Gunwinggu|Mengerrdji/Menngarr|Kunwinjku|Mangeri|Menngarr|Ari|Eireij|Ere|Erei|Erej|Erre|Mangerei|Mennagi|Mengerei|Mengerdji|Mangerdji|Mengerr|Manger|Mangarryu|Mangeryu|Berrigurruk ; Erei ; Eri ; Rereri ; Reveri,-12.350974624518,133.023775869699989,https://collection.aiatsis.gov.au/austlang/language/n53
745,N55,Erre,Rereri|Erei|Eri|Arra,-12.42608346237,133.065228513699992,https://collection.aiatsis.gov.au/austlang/language/n55
746,N56,Gundudj,"",0,0,https://collection.aiatsis.gov.au/austlang/language/n56
747,N57,Jawoyn,Jawonj|Adowen|Gundjawan|Djauan|Djauwuny|Djawin|Charmong|Chau an|Chauan|Djauun|Djauwung|Djawan|Djawanj|Djawun|Djouan|Djowan|Djowei|Jauan|Jawin|Juauan|Kumertuo|Lebryryd|Nggandindmi|Tjauen|Tjawen|Tjouen|Tweinbol|Wonborngu|Jawony,-13.897300406584,133.038460833019997,https://collection.aiatsis.gov.au/austlang/language/n57
748,N58,Jalakuru,Iwaidja|Djalakuru|Adawuli|Gaari|Garrig|Jaako|Jiwadza|Marlgu|Oitbi|Uruku|Wurango|Djalaguru,0,0,https://collection.aiatsis.gov.au/austlang/language/n58
749,N59,Wengei,Gunei|Gunwunei|Neing gu|Wengei|Wunei|Wengej,0,0,https://collection.aiatsis.gov.au/austlang/language/n59
750,N6,Menthe,Menhthe|Daktjerat|Murinwargad|Wagaid|Wagaidj|Wagait|Wagaitj|Wagatsch|Waggait|Waggate|Waggite|Waggote|Waggute|Wagite|Waogatsch|Wargad|Wodadj|Wogadj|Wogait|Wogaity|Wogatj|Wogaty|Wogite|Worgaid|Worgaidj|Worgait|Worgite|Menthajangal|Menthe Yangal|Manthi Yangal|Murrinh Menthe|Murrinh Mentherr|Mendajangal,-13.637667770393,129.92067307133999,https://collection.aiatsis.gov.au/austlang/language/n6
751,N60,Dalabon,Ngalkbun|Dangbon|Dalabon ?Gundangbon|Dangbon/Dalabon|Gundalabon|Dangbun|Ngalkbon|Ngalgbon|Ngalgbun|Ngalkbon consist of the word for “mouth? in the relevant language plus an element bon|Buan|Bu:wan|Boun,-13.316255495519,134.029309036439997,https://collection.aiatsis.gov.au/austlang/language/n60
752,N64,Mawng,Maung|Mawung|Gun marung|Gunmarung|Managari|Manangari|Marung|Mau|Maw|Men ngai|Kunmarung|Mauung|Gunmarang,-11.813898254873,133.36400767602001,https://collection.aiatsis.gov.au/austlang/language/n64
753,N65,Kunwinjku,Gunwinjgu|Mayali|Bininj Gun wok|Neinggu|Gunwinggu|Mangeri|Mengerrdji|Menngarr|Gumawurag|Gunawitji|Gundeidjeme|Gundeijeme|Gundjajeimi|Gundjeibmi|Gundjeipmi|Gunei|Gunrerg|Gunwinghu|Gunwingo|Gunwingu|Gunwinngu|Gunwinygu|Gunwunei|Gurmadja madja|Koorunge|Koorungo|Kulunglutchi|Kulunglutji|Kulungutchi|Kuninjku|Mangaridji|Margulitban|Muralidan|Neing gu|Neinggu|Neinngu|Unigangk|Urnigangg|Wengei|Wengej|Wengi|Wunei|Gunwiggu|Witji|Maielli|Majali|Gundja jeimi,-12.173506301911,133.48273449547,https://collection.aiatsis.gov.au/austlang/language/n65
754,N66,Urningangk,Urningangg|Wuningangk|Uninganangk|Wata|Uningangg|Uningangk|Wuningak|Wuningag,-12.5457157709,133.056492250860003,https://collection.aiatsis.gov.au/austlang/language/n66
755,N68,Yangman,Jangman|Yungman|Jongman|Jungman|Yungmanni|Yungmun|Yungmunee|Yungmunnee|Yungmunni|Yung munni,-15.414291460469,132.49948283474001,https://collection.aiatsis.gov.au/austlang/language/n68
756,N69,Kunbarlang,Gunbarlang|Gunbalang|Gambalanga|Walang|Gambalang|Geimbio|Gimbarlang|Gunba:lang|Gunbalag|Gunbalong|Gunbulan|Gurmadja madja|Warlang|Gunba:lan,-11.932246158271,133.89389112264999,https://collection.aiatsis.gov.au/austlang/language/n69
757,N7,Marrithiyel,Marithiel|Brinken|Marri Ammu|Marridan|Marrisjefin|Matige|Berinken|Berinkin|Berringin|Brinkan|Magatige|Marathiel|Maridhiel|Maridiel|Maridiyal|Maridiyel|Marithid|Maritige|Muringa|Muringata|Muringe|Maridjiel|Maridhiyel|beringken|commonly adapted into English as Brinkin,-13.834648747329,130.012935239150011,https://collection.aiatsis.gov.au/austlang/language/n7
758,N70,Kune,Gunwinggu,-12.398006797043,134.38659890372,https://collection.aiatsis.gov.au/austlang/language/n70
759,N71,Gundjeihmi,Kundjeymi|Djeibmi|Gundjeibmi|Mayali|Gundeidjeme|Gundeidjemi|Gundjeipmi|Djebmi|Gunwinggu|Gundjepmi|Gundjipmi|Gundeij e me|Djeihmi|Djepmi|Maiali|Gunwingu|Gunwingo|Wengi|Wengei|Wengej|Kulunglutji|Kulunglutchi|Gundja jeimi|Gundeijeme|Margulitban|Unigangk|Urnigangg|Koorungo|Neinggu|Neinngu|Mangaridji|Mangeri,-12.925860559178,132.87456038763,https://collection.aiatsis.gov.au/austlang/language/n71
760,N72,Yan-nhangu,Yannhangu|Jarnango|Jaernungo|Janango|Jandango|Janjango|Jannangu|Jarnangu|Jarrangu|Kokolango|Yaernungo|Yandango|Yarnango|Yarrnangu|Yorngar|Nango|Yanna?u|Yaerungo|Murru?un|Djina?|Gunbirri|Mälarrai|Malarra|Malara,-12.0076783584959994,135.23641689697001,https://collection.aiatsis.gov.au/austlang/language/n72
761,N73,Rembarrnga,Rembarunga|Rembarnga|Rainbarngo|Rambarrnga|Ranjbarngo|Ranjbarngu|Reinbaranga|Rembaranga|Rembarn nga|Rembarrna|Rembarrngu|Rembranga|Rainbarno|Remberanga|Rambarrna|Rem branga|Rem barrna|Maia:li|Maieli|Majali|Maiali|Maielli,-13.231028553937,134.45410813993001,https://collection.aiatsis.gov.au/austlang/language/n73
762,N74,Ndjébbana,Ndjébbana|Gunavidji|Kunibidji/Gunavidji|Ndeya|Gidjiya|Djeebbana|Gunibidji|Kunibidji|Behribmej|Djapena|Gidjia|Gidjiya|Djeepana|Grunavidji|Gudjia|Gunabidji|Gunabwidji|Gunadidji|Gunaviji|Gunawitji|Gunjibidji|Gurmadja madja|Jibidji|Kulunglutchyi|Witchi|Witji|Ndjéya|Gijiya,-12.155548200634,134.27438255518999,https://collection.aiatsis.gov.au/austlang/language/n74
763,N75,Gurr-goni,Gurrgoni|Gungorrogone|Gudjartabiyi|Guragone|Gungurugoni|Gungorogone|Gorogone|Gungarawoni|Gungoragone|Gungoro:lgo:ngi|Gungurulgungi|Gutjertabia|Gurugoni|Gungoragoni|Gungorragonni,-12.228413134459,134.28670643142999,https://collection.aiatsis.gov.au/austlang/language/n75
764,N76,Ngalkbon,Ngalkbun|Dalabon|Ngalabon|Ngalgbon|Njalkpon,0,0,https://collection.aiatsis.gov.au/austlang/language/n76
765,N77,Ngalakgan,Ngalakan|Hongalla/Hongalla|Nala nalagen|Nalagen|Nalakan|Ngalagan|Ngalagkan|Ngalarkan|Ngulkpun|Nullakum|Nullakun|Nullikan|Nullikin|Ngalbon|Hongalla|Nallakum|Ngalar kan,-14.283992459345,134.27075294970999,https://collection.aiatsis.gov.au/austlang/language/n77
766,N78,Mangarrayi,Ngarrabadji|Mangarayi|Mungarai|Mangarai|Mangarei|Mangerei|Manggarai|Mungerry|Walooka|Mungari|Ngarrabadji,-14.891246591934,133.61915448548001,https://collection.aiatsis.gov.au/austlang/language/n78
767,N79,Walamangu,Wallamungo|Wolamangu|Wollamungo|Nango|Walama?u,0,0,https://collection.aiatsis.gov.au/austlang/language/n79
768,N8,Ngan'gikurunggurr,Ngangikurunggurr|Ngan|gi kurunggurr|Nangikurrunggurr|Nordaniman Nordan imin,-14.185570955859,130.10371727698001,https://collection.aiatsis.gov.au/austlang/language/n8
769,N80,Nakkara,Na kara|Gukariya|Nakara|Nagara|Kokori|Kukkori|Nackara|Naga:ra|Naka:ra|Narkarrar|Ngara|Gukari,-12.0844571279,134.36422035541,https://collection.aiatsis.gov.au/austlang/language/n80
770,N81,Gun-nartpa,also known as Gudjarlabiya|Burarra|Guadba|Gunaidbe|Gunardba|Kun nartpi|Mugali|Mu-golarra |Mukarli,-12.219203821555,134.55025026896999,https://collection.aiatsis.gov.au/austlang/language/n81
771,N82,Burarra,Anbarra|Gadjalivia|Gidjingali|Bara|Barada|Barara|Barea|Barera|Baurera|Bawera|Birarra|Burada|Burara|Burera|Gidjingale|Gudjalayia|Gurmadja madja|Jikai|Ku jarlapiyi|Tchikai|Tha ra ra burra|Thar ar ra burra|Toolginburra|Anbara|Burrara,-12.161770746066,134.5807095628,https://collection.aiatsis.gov.au/austlang/language/n82
772,N83,Ganhalpuyngu,Ganalbingu|Djinba|Jinba|Djimba|Outjanbah|Gunalbingu|Ganalbwingu|Kurkamarnapia,0,0,https://collection.aiatsis.gov.au/austlang/language/n83
773,N84,Djarawala,Dyarawala,0,0,https://collection.aiatsis.gov.au/austlang/language/n84
774,N85,Yugul,Arnhem Land|Daly River Region Languages|Jugul|Mara|Yukul|Jokul|Yikil|Yookil|Yookull|Yookala|Yikul,-14.746236748197,134.83074376228001,https://collection.aiatsis.gov.au/austlang/language/n85
775,N86,Gadjalivia,Burarra|Anbarra|Gidjingali|Gudjalavia|Gudjalabia|Gajalivia|Gudjalibi|Gudalavia|Gudjaliba|Gadjal ibi|Gadjalibir,0,0,https://collection.aiatsis.gov.au/austlang/language/n86
776,N87,Manyarring,Djinang Manharrngu,0,0,https://collection.aiatsis.gov.au/austlang/language/n87
777,N88,Wubulkarra,Gupapuyngu|Ubulgara|Wulkara|Wobulgarra|Wowulkarra|Ob ulgara|Wolgara,0,0,https://collection.aiatsis.gov.au/austlang/language/n88
778,N89,Buan,Dalabon|Bouin|Boun|Buwan,0,0,https://collection.aiatsis.gov.au/austlang/language/n89
779,N9,Marridan,Maridan|Marrithiyel|Brinken|Marri Ammu|Marrisjefin|Matige|Murindan|Nordanimin|Maredan,-13.9993372625,130.17682357301001,https://collection.aiatsis.gov.au/austlang/language/n9
780,N90,Ngandi,Ngundi|Nagandi|Nagandji|Nanda|Nandi|Ngalbon|Ngalgbun,-14.0085948823170003,134.90638889762999,https://collection.aiatsis.gov.au/austlang/language/n90
781,N91,Galwa,Kalwa,0,0,https://collection.aiatsis.gov.au/austlang/language/n91
782,N92,Alawa,Galawa|Warliburru|Wilingura|Ngewin|Alawa; Alaua|Allaua|Allaura|Allawa|Allowa|Allowiri|Allua|Alowa|Galleewo|Kallaua|Leealowa|Woolooami|Kallana|Walkonda|Walooka|Alaua|Galleewa|Woo looami,-15.523673824618,134.47958643695,https://collection.aiatsis.gov.au/austlang/language/n92
783,N93, Wulkara,Wolgara,0,0,https://collection.aiatsis.gov.au/austlang/language/n93
784,N94,Balmbi,Djinang|Barlmawi|Jandjinung|Yandijinang|Yandjinung|Balmawi|Jandjinang|Jand jinung|Yandjinning|Yandjinang|Djinnang|Djinhang|Milingimbi|Millingimbi|Wulllakki|Wulaki|Ullaki|Wulagi|Manjarngi|Manyarrngi|Mun narngo|Manarrngu,0,0,https://collection.aiatsis.gov.au/austlang/language/n94
785,N94.1,Djinang,Djinang dialects|Yolngu|Ritharngu|Daii|Diakui|Djinba|Jandjinung|Yandijinang|Yandjinung|Jinang|Jandji:nangc|Jandjinang|Jand jinung|Yandjinning|Yandjinang|Djinnang|Djinhang|Milingimbi|Millingimbi|Wulllakki|Wulaki|Ullaki|Wulagi|Balmbi|Balmawi|Barlmawi|Manjarngi|Manyarrngi|Mun narngo|Manarrngu,-12.33789405962,134.86349777477,https://collection.aiatsis.gov.au/austlang/language/n94.1
786,N95,Wurlaki,Wulaki|Djinang|Jandjinang|Jand jinung|Yandjinung|Yandjinning|Yandjinang|Djinnang|Djinhang|Milingimbi|Millingimbi|Wulllakki|Ullaki|Wulagi|Balmbi|Balmawi|Barlmawi|Manjarngi|Manyarrngi|Mun narngo|Manarrngu,0,0,https://collection.aiatsis.gov.au/austlang/language/n95
787,N96,Dhaygurrgurr,Dajoror|Daygurrgurr|Dhaywurrwurr|Daiuror|Dhayurryurr,0,0,https://collection.aiatsis.gov.au/austlang/language/n96
788,N97,Djinba,Yolngu|Ritharngu|Daii|Diakui|Djinang|Jinba|Djimba|Outjanbah|Gunalbingu|Ganalbwingu|Kurkamarnapia,-12.761852777698,135.0045812283900091,https://collection.aiatsis.gov.au/austlang/language/n97
789,N98,Malarbardjuradj,Malarbarrtchorai|Malarrbartjaray|Malabarrtjaray,0,0,https://collection.aiatsis.gov.au/austlang/language/n98
790,N99,Wilingura,Alawa|Leewillungara|Leewillungarra|Wilanggara|Wilinggura|Willangan|Willngura|Willongera|Wilungwara|Wilangarra|Wilung wara,-15.708561929459,135.93068308194,https://collection.aiatsis.gov.au/austlang/language/n99
791,P1,Kriol,Creole,0,0,https://collection.aiatsis.gov.au/austlang/language/p1
792,P2,Torres Strait Creole,Yumplatok|Yumblatok,0,0,https://collection.aiatsis.gov.au/austlang/language/p2
793,P3,Broome Pearling Lugger Pidgin,Broom Creole|Koepang Talk|Malay Talk|Japanese Pidgin English,-17.929955022136,122.29890057998,https://collection.aiatsis.gov.au/austlang/language/p3
794,P4,Aboriginal English,"",0,0,https://collection.aiatsis.gov.au/austlang/language/p4
795,S1,Warki,"Ngarrindjeri|Jarildukald|Meintangk|Pirtulun|Ramindjeri|Tanganukald|Gorawalun|Koraulun|Korowalle|""Milang dialect"" Wakend|Warkend|Wargi|Wakend|Milang dialect",-35.460005005508,138.85094630192,https://collection.aiatsis.gov.au/austlang/language/s1
796,S10,Ngawadj,Meru|Ngawait|Erawirungand|Rankbirit|Ngintait|Ngaralta|Nganguruku|Ngaiawung|Barmerara Meru|Binjali|Eritark|Muljulpero maru|Nanait|Narwejung|Narwijjerook|Narwijjong|Nauait|Ngawaijung|Ngawaitjung|Ngawijung|Niawoo|Njawatjurk|Nyauaitji|Wem:ara|Nunait|Nyauaitj|Nar wijjong|Nja watjurk,-34.224469830423,140.22562948312,https://collection.aiatsis.gov.au/austlang/language/s10
797,S11,Tanganekald,Tangane|Ngarrindjeri|Tanganukald|Jarildukald|Meintangk|Pirtulun|Ramindjeri|Warki|Danganalun|Milmenrura|Polenjunga|Portaruwutj|Potangola|Narrinjeri|Taloinjunga|Tanganalum|Tatiara|Tatiarra|Tattayarra|Thunga|Thungah|Tonggi|Tunga|Tyatyalli|Tyeddyuwurru|Wepulprap|Werekatyalli|Wirigirek|Woychibirik|Yaran|Tenggi|Danganegald|Tanganalun|Thangani|Tangalun|Tanganikald|Tanganarin|Tangani|Tananalun|Dangani|Tenkinyra|Milmendura|Milmendjuri|Milmain jericon|Kalde|Wattatonga,-36.089402481252002,139.56909722523,https://collection.aiatsis.gov.au/austlang/language/s11
798,S12,Yirawirung,Meru|Erawirungand|Ngawait|Rankbirit|Ngintait|Ngaralta|Nganguruku|Ngaiawung|Eramwirrangu|Eraweerung|Erawirrangu|Erawiruck|Erawirung|Jeraruk|Jirau|Jirawirung|Juju|Pomp malkie|Willoo|Wilu|Yerraruck|Yiran|Yirau|You you|Yuyu|Eramwir rangu,-34.267079105536,140.53283477021,https://collection.aiatsis.gov.au/austlang/language/s12
799,S13,Bungandidj,Bungandik|Bundanditj|Buandig|Bunganditj|Bangandidj|Barconedeet|Boandik|Boandiks|Booandik|Booandik ngolo|Borandikngolo|Buandic|Bak on date|Buandik|Buanditj|Bungaditj|Bungandaetch|Bungandaetcha|Bungandaitj|Bungandidy|Bunganditjngolo|Bungandity|Burhwundeirtch|Drualat ngolonung|Mount Gambier dialect|Nguro|Pundandik|Pungandaitj|Pungandik|Pungantitj|Smokey River tribe|Pungatitj|Rivoli Bay tribe|Boandic|Drualatngolonung|Drualat Ngolonung|Booandki ngolo|Mount Gambier tribe|Bugandity|Booganity|Booganitch|Nguro people|Bungadidj|Boan diks|Smoky River tribe,-37.225251721763,140.51174847592,https://collection.aiatsis.gov.au/austlang/language/s13
800,S14,Meintangk,Ngarrindjeri|Jarildukald|Pirtulun|Ramindjeri|Tanganukald|Warki|Djadjala|Meintank|Painbali|Wergaia|Meindangg|Meinta:ngk|Paintjunga|Pinchunga|Pinejunga|Mootatunga|Wepulprap,0,0,https://collection.aiatsis.gov.au/austlang/language/s14
801,S15,Bindjali / Bodaruwitj,Bodaruwidj|Bundyalli|Potangola|Potaruwutj|Weregadjali|Cangarabaluk|Coolucooluk|Dadiera|Danganalun|Danganegald|Dangani|Djadjala|Jaran|Kalde|Kangarabalak|Milmainjericon|Milmendjuri|Milmendura|Milmenrura|Padthaway tribe|Polenjunga|Polinjunga|Portaruwutj|Taloinjunga|Tananalun|Tangalun|Tanganalum|Tanganalun|Tanganarin|Tangane|Tanganekald|Tangani|Tanganikald|Tatiara|Tatiarra|Tattayarra|Tenggi|Tenkinyra|Thunga|Thungah|Tonggi|Tunga|Tyattyalla|Tyatyalli|Tyeddyuwurru|Wattatonga|Wepulprap|Wereka|Wereka tyalli|Werekarait|Werekatyalli|Wergaia|Wirigirek|Woychibirik|Wra gar ite|Yaran|Tatiara dialect|Polin junga|Kangara balak|Padtha way tribe,-36.422927674455,140.49163512472001,https://collection.aiatsis.gov.au/austlang/language/s15
802,S16,Mardidjali,Martijali|Jardwadjali|Marditjali|Keribial barap|Keribialbarap|Lake Wallace tribe|Wichintunga|Wintjabarap|Witjintanga|Worangarait|Worangarit|Wragarait|language|speech,-36.967794207335,141.64314094744,https://collection.aiatsis.gov.au/austlang/language/s16
803,S17,Wergaia,Wergaia|Wergaya|Jupagalk|Maligundidj|Warke Warke|Wotjobalek|Buibatjali|Buibatyalli|Djadjala|Gnallbagootchyourl|Gourrbaluk|Iyattyala|Kurm me lak|Malikunditji|Malleegunditch|Tjatijala|Tyattyalla|Wattyabullak|Wimmera tribe|Woitu bullar|Worjoballuk|Wotjo ba laiuruk|Wotjobaluk|Woychibirik|Wudjubalug|Wuttyabullak|Wuttyuballeak|Warka tyalli|Weika tyalli|Wakaua|Mirdiragoort: evidently related to Wotti wotti dialect|Wirtu|Wirtoo|Wengen marongeitch|Wereka tyalli|Wereka|Worgaia,-35.868519702683,142.12073571642,https://collection.aiatsis.gov.au/austlang/language/s17
804,S18,Ngintait,Meru|Ngawait|Erawirungand|Rankbirit|Ngaralta|Nganguruku|Ngaiawung|Inteck|Merri|Ngintadj|Nutcha|Takadok|Ngindadj|Taakadoch:Mildura tribe|Pintra|Yac yoc|Arthon|Neds Corner Station|Murray River dialect,-34.37300823327,141.10844268945999,https://collection.aiatsis.gov.au/austlang/language/s18
805,S19,Yuyu,Ngarrket|Narrinyeri|Jarijari|Jere jere|Juju|Nyerri nyerri|Yairy yairy|Yari yari|Yariki luk|Yarikiluk|Yariyari|Yarre yarre|Yarree Yarree|Yarreyarre|Yerre Yerre|Yerreyerre|Yerri yerri|Yerriyerri|Yerry yerry|YurraYurra|Yu Yu|Erawirung|Jirau|Eraweerung|Eramwir rangu|Erawiruck|Jeraruk|Yerraruck|Yirau|Yiran|Pomp malkie|Meru|You you|Rankbirit|Wilu|Willoo,-34.098823177691997,140.99932761004001,https://collection.aiatsis.gov.au/austlang/language/s19
806,S2,Ramindjeri,Ngarrindjeri|Jarildukald|Meintangk|Pirtulun|Tanganukald|Warki|Ramindjerar|Ramingara|Raminyeri|Ramong|Tarbanawulun|Tarbanawalun|Ramindjari|Raminjeri|Rormear|Wirramu mejo|Narrinyeri part,-35.46073476019,138.71124925468001,https://collection.aiatsis.gov.au/austlang/language/s2
807,S20,Dhauwurd Wurrung,Kuurn Kopan Noot|Gournditch Mara|Gu:nditj mara|Dhautgart|wurru|Gunditjmara|Dhauwurd Wurung|Gundidjmara|Dhaurwurd Wurrung|Dhauhurtwurru|Gournditch mara|Gournditchmara|Gundidj|Gurndidjmara|Gurndidy|Gurnditjmara|Gurnditschmara|Kirurndit|Ku:nditjmara|Kunditjmara|Kuurn kopan noot|Kuurnkopannoot|Ngutuk|Nil can cone deets|Port Fairy tribe|Spring Creek tribe|Tourahonong|Villiers tribe|Weeritch Weeritch|Gurndidj|Dhauwurd wurrung as a dialect name  Dhauwurd wurrung|Dhauhurru|Thaguwurung|Tyaupurt wurung|Tyapurtwuru|Dhahurtwurru|Dhauwert woorong|Thauwertwoorong|Dauwert woorong|Dhauhwurru|Dhau urt wuru|Thaghurt wuru|Thagurtwurung|Ta ha hurrur|Dhauhurt wurru|Dhauurdwuru language|Gurnditj,-38.155612905976,141.53965852318001,https://collection.aiatsis.gov.au/austlang/language/s20
808,S21,Warga Warga,Boorong|Booroung|Mirdiragoort|Waikywaiky|Wargawarga|Warkawa|Warkawarka|Weki weki|Wekiweki|Wengenmarongeitch|Werkawerka|Wirtoo|Wirtu|Waiky Waiky|Werka Werka tjali|Warka tjali|Weika tjali|Boo roung,0,0,https://collection.aiatsis.gov.au/austlang/language/s21
809,S21.1,Kulin,"",0,0,https://collection.aiatsis.gov.au/austlang/language/s21.1
810,S22,Djadjala,Meintangk|Meintank|Painbali|Wotjobaluk|Potaruwutj|Tattiara blacks|Tatiara tribe|Jatjalli|Tyat tyalli|Pine Plain language|Pine Plain tribe|Tyattyalli|Tatchalle|Tyat tyal la|Tyattyalla|Tyatyalli language|Tyatyalla|Tjatjala|Iyattyala|Wotjo ba laiuruk|Wuttya bullak|Wuttyuballeak|Buibatjali|buibaty alli|Wattyabullak|Woychibirik|Woitu bullar|Tjatijala|Tyatty alla|Kurm me lak|Wimmera tribe|Gourrbaluk|Gnallba gootchyourl|Malikun ditj|Malleegunditch|Potangola|Polin junga|Jaran|Yaran|Tatiara|Tattayarra|Tatiarra|Dadiera|Tyatyalli|Tyeddyuwurru|Wirigirek|Wereka|Wereka tyalli|Werekarait|Wergaia|Wra gar ite|Kangara balak|Cangarabaluk|Coolucooluk|Padtha way tribe,-35.560478105223,141.68283739565001,https://collection.aiatsis.gov.au/austlang/language/s22
811,S23,Latji Latji,Ladji Ladji|Latje Latje|Latjilatji|Baluk mernen|Banju bunan|Boraipar|Laci Laci|Laei Laei|Laitche|Laitchi Laitchi|Laitci laitci|Laitu|Laitu Laitu|Latjee Latjee|Latjoo Latjoo|Latyee Latyee|Latyoo Latyoo|Latyu latyu|Leitch Leitchi|Leitchi Leitchi|Litchee Litchee|Litchoo Litchoo|Litchy Litchy|Lutchye Lutchye|Sitchy Sitchy|Walkandwani|Woortongi|Wortongi|Ledjiledji|Latjalatji|Laitchi Laitehi,0,0,https://collection.aiatsis.gov.au/austlang/language/s23
812,S24,Jari Jari,Jarijari|Juju|Yairy yairy|Yarikiluk|Yariyari|Yarreyarre|Yerre Yerre|Yerreyerre|Yerriyerri|YurraYurra Yuyu|Yurra Yurra|Yari Yari|Yerree|Yerree tribe|Yarry yarry|Mildura dialect|Yairy Yairy|Yeiri Yeiri|Iraiprim|Yaraprim|Yaraiprim|Yairry Yairy|Yari yari|Yirri Yirri|Yerra tyalli|Yeary yeary|Jere jere|Yarree Yarree|Yarre yarre|Yerri yerri|Yerre yerre|Yerry yerry|Nyerri nyerri|Yariki luk,-34.766081042768,141.72827942584999,https://collection.aiatsis.gov.au/austlang/language/s24
813,S25,Keerray Woorroong,Giraiwurung|Kirae|Bolaga|Bolagher|Colongulac tribe|Dantgurt|Dautgart|Dyargurt|Jarcoort|Kirawirung|Kirrae|Kirraewuurong|Kirrea|Konoug willam|Manmait|Mount Shadwell tribe|Ngutuk|Ngutung|Tantgort|Targurt|Warntallin|Girrea|Kii Wuurong|Kirrae Wuurong|Kirrae wuurong|Kirrae wuurong blood lip tribe|Kirrim kirrim wuurong|Kirru wurru|Kiri wurru|Kiriwoorong language|Girriwurru|Kir:ae|Giri wurung|Kirroe wurrong Blood Lip tribe|Kir:re,-38.039752101251999,142.88012655456001,https://collection.aiatsis.gov.au/austlang/language/s25
814,S26,Djab Wurrung,Djabwurrung|Jab wurrung|Pirt Koopen Noot|Djabwurung|Tjapwurong|Dyabwurung|Tyapwurru|Chaapwurru|Pirtkopannoot|Purteetchally|Punoinjon|Kolor|Chaap Wuurong|Chaap wuurong|Chaa wuurong|Tjapwurung|Tyapwuru|Djabwuru|Pirt kopan noot|Pirt kopen noot|Purteet chally|Punoin jon|Nutcheyong|Buninjon|Kolor Kuurndit|Kooloor|Kolorer|Girri wurra|Hopkins River Tribe|Wonnin dialect|Bolakngat|Bolagher|Knindowurong,-37.774215035757,142.33662986864999,https://collection.aiatsis.gov.au/austlang/language/s26
815,S26.1,Knenknenwurrung,Djadjawurung|Djappuminyon|Jaara|Jajaurung|Jajowerong|Jajowerrong|Jajowrung|Jajowurrong|Jardwa|Jurobaluk|Knenknenwurro|Knindowurrong|Nirababaluk|Nirabaluk|Panyod|Yaara|Yardwa tyalli|Yaura|Yayauring|Jajarung|Jajowrong|Jajoworrong|Ngengenwurung|Jaadwa|Ngengen wurrung|Ningin wurrou|Ninginwurrow|Nin ye noo rong|Nin ye noo ron|Nin yin woo rong|Ning we oo now er rong|Nin ying woor un|Ning yin woor|rong|Nin yin woor un|Nin yin|woor|run|Knen knen wurrong|Kneu kneu wurro|Knenkorenwurro|Knen knen wurro|Knen knen worrong|Knenkoren wurro|Ngenngenwurruo|Nindakke dou rong|Nindakke dow rong|Nindakkedowrong|Knen knen wuru|Knen knen dialect|Knin knin waru|Knin knin wuru|Knen koren wuro|Knen koren wurro|Nginanginawooro|Ngina Ngina Wooro|Kuen koren werro|Natti Yallook & Stuart Mill dialect|Hamilton dialect|Mount Rouse dialect|Hopkins River dialect|Nin Nin wurrou|Nin Nin Wurrou|Knindowurong|Ngengenwur|Ngenngen wurro|Knin Knin Wurrou|Ngengenwurrung|Ja:rewe|Mukja:dwen|Yartwur|Yarawain|Mukjarawaint|Ngengenwuru|Nandatjali|Nundatyalli|Kneu Kneu wurro|Milang burn|Djappuminyou; Djappuninyou|Dallundeer|Bulukwuro|Boolucburer|Portbulluc|Morton Plains tribe|Brapkut|Murra murra barap,-37.066689779363003,142.85944955413001,https://collection.aiatsis.gov.au/austlang/language/s26.1
816,S27,Jardwadjali,Marditjali|Djadjawuru|Djadjawurung|Djappuminyon|Djendjuwuru|Ja jow er ong|Jaara|Jaburara|Jaburara ngaluma|Jajaorong|Jajaurung|Jajowerang|Jajowerong|Jajowerrong|Jajoworrong|Jajowrong|Jajowrung|Jajowurong|Jajowurrong|Jarjoworong|Jarrung Jarrung|Jurobaluk|Knenknenwurro|Knindowurrong|Konin|Lewurru|Lunyingbirrwurrkgooditch|Madoitja|Marduidji|Milamada|Monulgundeech|Monulgundeedh|Nirababaluk|Nirabaluk|Panyod|Pilawin|Tarra|Tarrang|Tjedjuwuru|Tyeddyuwurru|Wainawonga|Waula|Yaara|Yabola|Yang|Yardwa tyalli|Yarrayowurro|Yaura|Yayauring|Yayaurung|Jardwa|Jaadwa|Yaadwa|Yartwur|Yardwatyalli|wagwa tyalli|Yagwa tyalli|Yappa yappa dyalli|Yarawain|Ja:rewe|Ja:dwe|Jadwe|Jardwee|Jawaa|Jadwee|Yaity people|Yaitch language|Nurndar dialect|Nundatyalli|Nunda nunda tyalli|Nunda tyalli|Nandatjali|Mukja:dwen|Mukjarawaint|Mukjaranaint|Mukjarravaint|Muk jarawaint|Muk jara weint|Mukjarrawaint|Unk Jarawaint|Mukjaraivant|Mukjarawamt|Mokepille|Brapkut language|Richardson River tribe|Richardson Valley blacks|Morton Plains tribe|Lake Wallace & neighbourhood dialect|Lake Wallace tribe|Keribial barap|Madimadi|Marditali|Worangarait|Worangarit|Wrangarait|Wintjabarap|Mardidjali|Werrumbrook|Ngengenwuru|Ngenngen wurro|Knindowurong|Knenkorenwurro|Knen knen wurrong|Kneu Kneu wurro|Milang burn|Djappuminyou; Djappuninyou|Dallundeer|Bulukwuro|Boolucburer|Portbulluc|Brapkut|Murra murra barap,-36.723325263873,142.5688852326,https://collection.aiatsis.gov.au/austlang/language/s27
817,S28,Dadi Dadi,Dardi Dardi|Tati Tati|Ta tati|Tatitati|Dadidadi|Tarte Tarte|Tar te tar te|Tar de Tarde|Darthy Darthy|Taa Tatty|Darthy darthy|Darty darty|Darty Darty|Ta ta thi|Tatati|Nimp mam wern|Tatathi|Tati tati thi|Tati tati tee|Tati tati ti|Darti Darti|Datti datti|Tartie tartie|Dhadatthee dialect|Ta Tathi|Tar tarthee|Darti darti|Ta Ta thi|Ta tathi|Euston tribe|Tata tata|Tati tati|Yitsa|Tathati|Tataty|Tatatha|Tatai|Taa tatty|Tunggut|Tati|Dadi dadi|Tati Tait|Dardidardi,-34.777634567882,142.83846342026001,https://collection.aiatsis.gov.au/austlang/language/s28
818,S29,Wathaurong,Wadha wurrung|Wuddyawurru|Witouro|Kurung|Wadawurung|Wataurung|Bengali|Borumbeet Bulluk|Buniyong|Wada wurung|Wada wurrung|Wadawio|Waddorow|Waddowro|Wadjawuru|Wadourer|Wadthaurung|Waitowrung|Wardy yallock|Warra|Wathaurang|Wathaurung|Wathurung|Watorrong|Wiityahuurong|Witaoro|Witawurong|Witoura|Witowro|Witowurong|Witowurrong|Witowurrung|Witowurung|Witswrong|Wittyawhuurong|Woddowro|Woddowrong|Wollowurong|Woodowro|Wothowurong|Wuddyawurra|Wudja:wuru|Wudjawuru|Wudjawurung|Wudthaurung|Wadhurung|Wathawurung|Watowrong|Wartorong|Wotowrong|Watourong|Wat r ong|Woddow row|Wad thou rong|Waddow ro|Waddow|Wattowrong|Wattouerong|Wadthowrong|Wadthourong|Wadourong|Watouring|Waturong|Witowrong|Wadawerang|Waddowwerrer|dowwerrer|wer|rer|Wartarang|Wartowerang|Wartowerong|Wartow werang|Wartowrong|tow|rong|Waterwrong|Wortowerong|Watawerong|Woolowrong|Wor tow ong|Worerong|Wad dow wer rer|Wad dow wer rong|Wod|Watowerong|Waddowerong|Wad dowerong|Waddowerang|Wadong|Wadoung|Wadouro|Wadowrong|Wot tow rong|Witourong|Wadower|Wadowio|Wodowro|Widowra|Widoura|Wadowro|Wadoora|Wawtowerang|Wartowong|Wotowerong|Woodowrow|Wodourow|Wodowo|Geelong|Geelong Bay tribe|Geelong tribe|Corio natives|Wiitya whuurong|Djilong|Wod dow ro|Wudhurung|Wudhaurung|Wudhauwurung|Wadthawurung|Watchaora|Wuddiau rung|Wudthawurung|Wud tha wrung|Wuddyawea|Wudtharung|Wodowrong|Wito wu rrong|Wataurun|Wudjawuwu|Woddowerong|Woodcole tribe|Widouro|Watha wurrung|Waltaurun|Wudjawurong|Wuddjawurro|Woithurong|Wudthaurun|Woltrowurong|Watdjurang|Wathourung|Wadawurrung |Wadiwid|Wadawrang|Wateran|Water ang|Watowerang|Wadthaurang|Woddoro|Wotherwurong|Wittowurrung|Witaioro|Wad ja wurru|Wud ja warra|Wadja wurrung|Witherwerong|Wittoro|Wad dow er er|Wit ya whaurung|Wada wurung Clark 1990:309] Wathawurrung|Wod dowrong|Wudja wurung|Buninyong|Wathawurrung|Wadawurrung,-37.838172450317,143.92119964125001,https://collection.aiatsis.gov.au/austlang/language/s29
819,S3,Portaulun,Birdawulung|Pomunfs|Poomunda|Portawulum|Putjin|Warawalda|Warawalde|Welindjeri|Welinyeri|Wellington tribe|Bordawulung|Portawulun|Potawolin|Pomunda,-35.351719986995,139.20426516763999,https://collection.aiatsis.gov.au/austlang/language/s3
820,S30,Gulidjan,Kolakngat|Kolitjon|Gulagngad|Bungilearney Colagiens|Colac conedeet|Coligan|Colijon|Colongulac|Golagngad|Karakoi|Karakoo|Kolac gnat|Kolae|Kolidjon|Koligon|Kolijon|Kolocgnat|Kulidyan|Lolifon|Lolijon|Kolacgnat|the tribe of the Colac|Col li yon tribe|Coligon tribe|Koligiate tribe|Kolack tribe|Collijon|Caligun|Calogien|Caligan|Kolifan|Koligian|Do lai jin|Colybin|Coligen|Caligon|Colijan|Colejohn|Kotigin|Kolijin|Koligan|Colack natives|Kolifon tribe|Coladjin|Calligans|Colligans|Colagins|Colack|Colac tribe|Bungilcarney colagians|Warrion tribe|Colac dialect|Kolakgnat|Kolac ngat|Colack blacks|Kullidyan|Kolaknat|Kolaknat tribe|Colajin|Coladjins|Kirakoi tribe|Karakoi tribe|Koladgin|Coar tribe|Col lai jin,-38.228208868419,143.69559753363001,https://collection.aiatsis.gov.au/austlang/language/s30
821,S31,Kurung,Wathaurong|Wadawurung|Wataurung|Bacchus Marsh dialect|Barabal|Barabull|Barrabool|Coorong|Jibberin|Kurung jang baluk|Kurungjangbaluk|Kurunjang|Monulgundeech|Werang|Yawangi|Gurung|Barra bool,0,0,https://collection.aiatsis.gov.au/austlang/language/s31
822,S31.1,Dja Dja Wurrung,Jaja wurrung|Djadjawurung|Le Wurung|Jaara|Yaara|Yaura|Yayauring|Jajaurung|Jajowurrong|Jajowrung|Jajowerong|Jajowrong|Jajoworrong|Jurobaluk|Nirabaluk|Nirababaluk|Panyod|Knenknenwurro|Djadja wurrung|Jajawong|Jargow er ong|Dadowong|Jar gow wer rong|Dardowrong|Dar dow|wer ong|Tatowrong|Tattowrong|Tellouurong|Jujourong|Jargowerang|Dardowerong|Dar|dower|ong|dow|wer|Dardowerang|Jarjoworong|Jajawerong|Jarjourong|Jajororung|Tar|tow|rong|not Jargowerong|Jargowrong|Jajourong|Jarjowrong|Jajaorog|Ja jow er ong|Loddon tribe|Loddon blacks|Jim Crow tribe|Jajauwurung|Jajaiowrung|Jajawurung|Lowurrong|Jajauwurong|Jajiwrong|Jajowurung|Jajawrung|Jajaurong|Ja jau wurung|Jajawrong|Ja jau rong|Jajauworung|Jajau worung|Ja jow wurong|Jajauwong|Jajauwrong|Ja jau rung|Jajawerung|Ja jau|Jajow wurung|Jajowong|Lewurru|Tyeddyawurru|Tyeddyuwurru|Tyeddywurru|Tyeddyuwurung|Lewurung|Djudjawurung|Ya ya dyalli|Ya ya tyalli|Yajaurung|Jajowerang|Jajau rung|Jajauwrung|Yayaurung|Jara|Jajoweroung|Ja Jowerong|Djadjawurru|Djadjuwurru|Djadjuwuru|Djadjawuru|Djedawuru|Lewuru|Yeyowong|Yeyawong|Djadja:wurung|Jajawurong|Jajaworung|Jarawurung|Yarrayowurro|Jajaorong|Jajowurong|Tjedjuwuru|Djendjuwuru|Jajaweroung|Jaara equates with Jajawurong|Yarra yowurro dialect|Jajoeroung|Jajaworrung|Jaja wurrong|Jajowurron|Jayawurron|Dja Dja Wrung|Da dow rong|Jajo wurong|Jarrung Jarrung|Tarrang|Tarra|Yabola|Monul gundeech|Monulgundeedh|Pilawin|Yang|Lunying birrwurrkgooditch,-36.795610548766,143.67485285062,https://collection.aiatsis.gov.au/austlang/language/s31.1
823,S32,Lewurung,Lewuru|Jaara|Lewurru|Yaura|Yarrayowurro|Yayaurung|Jajaorong|Jajaurung|Jajowurrong|Jajo wurong|Jajowrong|Jarjoworong|Jajowerang|Jajowrung|Jajoworrong|Tjedjuwuru|Tyeddyuwurru|Jarrung Jarrung|Ja jow er ong|Djadjawuru|Djadjawurung|Djendjuwuru|Tarrang|Tarra|Jurobaluk|Yabola|Monul gundeech|Monulgundeedh|Pilawin|Yang|Lunying birrwurrkgooditch,0,0,https://collection.aiatsis.gov.au/austlang/language/s32
824,S33,Weki Weki,Piangil|Biangil|Watiwati|Wathiwathi|Watthiwatthi|Wattewatte|Watty watty|Wotti wotti|Withaija|Wohdi Wohdi|Woani|Woonyi|Dacournditch,-35.036715700249999,143.36223132433,https://collection.aiatsis.gov.au/austlang/language/s33
825,S35,Boonwurrung,Bun wurrung|Bunorong|Barrabool|Boonerwrung|Boon oor rong|Boongerong|Boonoor ong|Boonoorong|Boonurrong|Bunuron|Bunurong|Bunwurru|Bunwurung|Gippsland dialect|Mordialloc tribe|Putmaroo|Putnaroo|Thurung|Toturin|Boatnairo|Boatnarro|Bonurong|Bonnings|Boonnong|Boomerang|Port Phillip Aborigines|Bon gar rong|Bon ga rong|Boom ner wrong|Boomerong|Boonerong|Boong wer rong|Bounworong|Boonwoorong|Boonworong|Bonwarry|Westernport blacks|Boong|er|rong|ong|Bonwerong|Boormarong|Boonmerong|Bon worong|Boonmorong|Bon wrogon|Boonrong|Boongerang|Boon|ger|Boonwo rong|Western Port tribe|Boonurong|Bonwrong|Boungerong|Bournourong|Boongurong|Boonguerong|Boonwerung|Boonwerong|Boomeronge|Boon wurong|Coast tribe|Bun wurru|Boon wurung|Borawong|Bunoorong|Boonerang|Bunarong|Bunerong|Bunwurong|Bunwurra|Boonoorung|Boonworung|Boonwurrong|Bonourong|Bunerung|Boonooroong,-38.459569464285,145.57532287595001,https://collection.aiatsis.gov.au/austlang/language/s35
826,S36,Woiwurrung,Wuy wurrung|Woiworung|Wurundjeri|Coolies|Coraloon|Djadjuwuru|Gungung willam|Gunungwillam|Kukuruk|Kurunjang|Mort Noular|Mortnoular|Ngarukwillam|Nuthergalla|Oorongie|Oorongir|Urunjeri|Waarengbadawa|Wainworra|Wairwaioo|Warerong|Warorong|Warwaroo|Wavoorong|Wawoo rong|Wawoorong|Wawurong|Wawurrong|Wciwurru|Woeewoorong|Woeewoorung|Woeworung|Woiwurong|Woiwurra|Woiwurrong|Woiwurru|Woiwuru|Woiwurung|Wooeewoorong|Wowerong|Wurrundyirra baluk|Wurrunjeri|Wurunjeri|Wurunjerri|Wurunjerri baluk|Yarra Yarra|Wuywurrung|Woi wurrung|Jagger jagger tribe|Jagger Jagger tribe|Dutigalla|Dutagall|Jaga Jaga tribe|Jacky Jacky tribe|Worworong|Port Phillip tribe|Jacka Jacka tribe|Wave ver rong|Waverong|Waverang|Waworong|Wavorong|Wavarong|Wavererong|Wawarong|Waoorong|Wa wo rong|Wa ver ong|Melbourne dialect|Douta Galla|Nuther Galla|Wooworong|Warworong|Wowoorong|Waworung|Woovoorong|Wayoerong|Woeworong|Wawaurrong|Yarra Yarra tribe|Doutta Galla tribe|Nuther Galla tribe|Melbourne tribe|Bayry Binip tribe|Yarra tribe|Jigga Jigga tribe|Port Phillip blacks|Wa woorong|Yarra River tribe|Woeywurong|Woe wurung|Woewurung|Woey wurung|Woi wurung|Woi wurru|Woi worung|Wawroonong|Woeworun|Woiwoeung tribe|Kukeruk|Warweroo|Woewurong|Woi Wurung|Wauerong|Woororong|Woe wu rrong|Waewarung|Woi wurrong|Woewo rung|Wavoo rong|Yarra Yarra Coolies|Yarra|N uther Galla,-37.742203254355,145.29321753758001,https://collection.aiatsis.gov.au/austlang/language/s36
827,S37,Taungurung,Dhagung wurrung|Taungurong|Daundwurrung|Minjambuta|Thagunworong|Thaguwurru|Daguwuru|Taguniourung|Dhauhurtwurru|Ngooraialum|Nguralngbula|Mouralungbula|Gnurellean|Ooralim|Butherbaluk|Yawangillam|Yauungillam|Yowangillam|Thagawurung|Thagungwurrung|Woiwuru|Ta oungurong|Taguwuru|Thagunworung|Thagu wurru|Daguwura|Taguniorung|Targunwurung|Tongwo ronga|Jhongworong|Tauonyirong|Darngoorang|Ngurai alum|Yawang illam|Yowang illam|Butherabaluk|Bootheraboolok|Nerboolok|Moogulum buk|Mogullum bitch,-37.031597879011997,145.47972072018001,https://collection.aiatsis.gov.au/austlang/language/s37
828,S38,Jabulajabula / Yabula Yabula,Yabala Yabala|Narinari|Pangerang|Yabola|Yabulla|Yabbilyabbila|Yabbil Yabbila|Yabula|Yabula yabula|Yillib Yilliba|Yullaba Yullaba|Joti jota|Jabalajabala|Jabula jabula|Yabulayabula|Panggarang|Pangorang|Pangurang|Pine gorine|Pine go rine|Pinegerine|Pinegorong|Bangerang|Banjga ranj|Pallaganmiddah|Yaballa|Ya bula yabula|Waningotbun|Maragan|Owanguttha|Yurt Yoorta|Moiraduban|Moitheriban,-35.710963758832,145.10714333715001,https://collection.aiatsis.gov.au/austlang/language/s38
829,S39,Brataualung,Kurnai|Bratauolung|Brabralung|Braiakaulung|Ganai|Krauatungalung|Tatungalung|Brada:wulung|Bradowoolong|Bratanolung|Brataua|Nulit|Tarrawarrachal|Tarrawarracka|Tarrawarrackel|Bradawurung|Brataolung|Bradowooloong,-38.715777074482,146.44779852508,https://collection.aiatsis.gov.au/austlang/language/s39
830,S4,Ngaralda,Meru|Ngaralta|Ngawait|Erawirungand|Rankbirit|Ngintait|Nganguruku|Ngaiawung|Agaraltu|Brabirawilung|Ngaralt|Ngaraltu|Wanakald|Wanaulum|Wanaulun|Wanjakalde|Wanyakalde|Wunyakalde,-35.018948637850002,139.22841134723001,https://collection.aiatsis.gov.au/austlang/language/s4
831,S40,Bangerang,Bandjalang|Bangarang|Banjerang|Banjgaranj|Dadarawa|Jabalajabala|Luntera|Maragan|Moiraduban|Moitheriban|Owanguttha|Pallaganmiddah|Panderang|Pangerang|Panggarang|Panggerang|Pangorang|Pangurang|Pine go rine|Pine gorine|Pinegerine|Pinegorine|Pinegorong|Waningotbun|Wongatpan|Ya bula yabula|Yaballa|Yoorta|Yurt|Bandjerang|Eastern Banjgaranj|Kwatkwat|Pandraing|Pandurang|Baingeraing|Eastern Banygarany|Banjga ranj|Yurt Yoorta|Moitheriban for Pangerang|Quart Quart|Emu Mudjug tribe|Pikkolatpan for Kwatkwat,0,0,https://collection.aiatsis.gov.au/austlang/language/s40
832,S41,Brayakaulung,Kurnai|Braiakaulung|Brabralung|Bratauolung|Ganai|Krauatungalung|Tatungalung|Braiakolung|Brajagawulung|Brayakaboong|Brayakau|Breagalong|Nulit|Brayagawulung|Braiakaolung,-37.872508382336,146.57962700742999,https://collection.aiatsis.gov.au/austlang/language/s41
833,S42,Tatungalung,Kurnai|Brabralung|Braiakaulung|Bratauolung|Ganai|Krauatungalung|Bouliboul|Bundahwark kani|Dadungalung|Gunggala dhang|Karnathun|Krauatun kurnai|Kroatungolung|Krow ithun koolo|Krowathun Koolung|Muk dhang|Nulit|Tatoongolong|Tatung|Tatunga|Tatungolung|Thang quai|Thangguai|Thangkwai|Tirtalawakani|Tirthung|Boul boul,-38.087571819028,147.44091157657999,https://collection.aiatsis.gov.au/austlang/language/s42
834,S43,Gundungerre / Yaithmathang,Jaitmatang|Djilamatang|Duduroa|Kandangora|Omeo tribe|Theddora|Yaitmathang|Balangamida|Brajerak|Dhudhuroa|Dyinning middhang|Ginning matong|Gundanara|Gundanora|Jadjmadang|Jaithmathang|Jaitmathang|Jandangara|Jeenong metong|Kandangoramittung|Muddhang|Mudthang|Tharamirttong|Tharamittong|Tharomattay|Theddora mittung|Theddoramittung|Ya itma thang|Yaitmatheng|Yadjmadhang|man,-36.723575468469,147.5218958785,https://collection.aiatsis.gov.au/austlang/language/s43
835,S44,Dhudhuroa,Djiningmiddang tribe|possible further name: Yaithmathang|Jaitmatang|Duduroa|Djilamatang|Kandangora|Omeo tribe|Theddora|Yaitmathang|Dhudhruwa|Dhuduroa|Do|dor|dee|Dodora|Dodoro|Toutourrite|Theddora mittung|Duduruwa|Tharamirttong|Tharamittong|Tharo mattay|Jeenong metong|Dyinning middhang|Ginning matong,-36.364168507212,147.69259522263999,https://collection.aiatsis.gov.au/austlang/language/s44
836,S45,Brabralung,Kurnai|Braiakaulung|Bratauolung|Ganai|Krauatungalung|Tatungalung|Brabiralung|Brabirawilung|Brabirrawulung|Brabolong|Brabrawurung|Brabriwoolong|Brabrolong|Brabrolung|Bundah Wark Kani|Bundhul Wark Kani|Muk thang|Tirtalowakani|Tirthung|Wakeruk|Ganay Muk Thang|Muk Thang|Mukthang|man,-37.498574078916,147.32841259972,https://collection.aiatsis.gov.au/austlang/language/s45
837,S46,Ngarigu / Ngarigo,"Ngarrugu|Walgalu|Bemeringal|""Boombala tribe""|Bradjerak|Brajerak|Brajeran|""Cooma tribe"" Currak da bidgee|Garego|Guramal|Gurmal|""Menero tribe""|Murring|Narigo|Ngarago|Ngaragu|Ngarego|Ngarico|Ngarroogoo|Ngarrugo|Ngaruku|Ngaryo|Ngundura|Nguramal|Ngarruga|Currak da bidgee|Gur mal|Brajerang|Bombala tribe|Menero tribe|Cooma tribe",-35.902188353656,148.76737453036,https://collection.aiatsis.gov.au/austlang/language/s46
838,S47,Walgalu,Guramal|Gurmal|Ngambri|Ngurmal|Kamberri |Tumut River people|Tumut tribe|Walgadu|Walgal|Walgulu|Wolgah|Wolgal,-35.696062294212,148.60508241175,https://collection.aiatsis.gov.au/austlang/language/s47
839,S48,Krauatungalang,Thangquai|Kurnai|Krauatungalung|Brabralung|Braiakaulung|Bratauolung|Ganai|Tatungalung|Kroatungolung|Krow ithun koolo|Krauatungulung|Krowithunkoolo|Grawadungalung|Thangguai|man,-37.593152881406,148.33791294676001,https://collection.aiatsis.gov.au/austlang/language/s48
840,S49,Bidawal,Bidhawal|Bidwell|Biduwul|Beddiwell|Bida:wal|Biduelli|Bidwelli|Bidwill|Birdawal|Birdhawal|Birtowall|Kwai dhang|Maap|Muk dhang|Birrdhawal|Bid|doo|wul|Bidooal|Bida|Brida|Bidwilli|Bida:wa:l|Mawp|Muk thang|Mukdhang|Mukthang,-37.383071074629,149.052984948519992,https://collection.aiatsis.gov.au/austlang/language/s49
841,S5,Peramangk,Marimejuna|Meraldi|Mereldi|Merildakald|Mount Barker tribe|Ngurlinjeri|Peramarma|Tarrawatta|Wangarainbula|Waugarainbula|Baramangg|Paramangk,-34.862567140121,138.89220035508001,https://collection.aiatsis.gov.au/austlang/language/s5
842,S50,Guyangal,Gujangal,0,0,https://collection.aiatsis.gov.au/austlang/language/s50
843,S51,Dyirringañ,Djirringanj|Yuin|Djiringanj/Dyirringan|Dhurga|Djiringanj|Dyirringan|Thaua|Thawa|Walbanga|Wandandian|Dyirringany|Jiringayn|Jeringin,-36.693828821376,149.72159436095001,https://collection.aiatsis.gov.au/austlang/language/s51
844,S52,Thawa,Yuin|Thaua/Thawa|Dhurga|Djiringanj|Dyirringan|Thaua|Walbanga|Wandandian|Baianga|Dhu:rga|Du:rga|Durga|Guyanagal|Guyangal yuin|Guyangalyuin|Katungal|Murring|Paienbera|Paiendra|Tadera manji|Tadermanji|Taua|Tauaira|Tharawal|Thauaira|Thoorga|Thurga|Dhawa,-37.167132688332,149.59883330164001,https://collection.aiatsis.gov.au/austlang/language/s52
845,S53,Dhurga,Yuin|Djiringanj|Dyirringan|Thaua|Thawa|Walbanga|Wandandian|Thurga|Thoorga|Tindale|Wurm|Dhu:rga|Oates|Durga|Bugellimanji|Bargalia|Moruya tribe|Thauaira|Du:rga|Tharawal|Tadera manji|Guyanagal|Guyangal yuin|Murring|Katungal|Baianga|Paiendra|Paienbera,-35.619114492666,150.094706045859994,https://collection.aiatsis.gov.au/austlang/language/s53
846,S54,Walbunja,Walbanga|Yuin|Dhurga|Djiringanj|Dyirringan|Thaua|Thawa|Wandandian|Bargalia|Bugellimanji|Moruya tribe|Thoorga|Thurga|Bugellimangi,-35.823925238009,149.8854397623,https://collection.aiatsis.gov.au/austlang/language/s54
847,S55,Wandandian,Yuin|Dhurga|Djiringanj|Dyirringan|Thaua|Thawa|Walbanga|Dharamba|Dharumba|Gurial|Jervis Bay tribe|Kurialyuin|Kuriel|Murraygaro|Tharumba|Wandanian|Kurial yuin,0,0,https://collection.aiatsis.gov.au/austlang/language/s55
848,S56,Dharamba,Dhurga|Tharumba|Wandandian|Kurial yuin|Murraygaro|Jervis Bay tribe,-35.151015810515,150.34120060244001,https://collection.aiatsis.gov.au/austlang/language/s56
849,S57,Gurungada,"",0,0,https://collection.aiatsis.gov.au/austlang/language/s57
850,S58,Southern Dharawal,Wodi Wodi|Thurawal|Tharawal|Wodiwodi|Dharawal|Illawarra|Wadiwadi|Woddi Woddi|Wudi Wudi|Wodi wodi,0,0,https://collection.aiatsis.gov.au/austlang/language/s58
851,S59,Dharawal / Tharawal,Thurawal|Wodiwodi|Dariwal|Gujangal|Guyangal|Dharawa|Thurrawal|Turuwul|Turrubul|Turuwull|Turawal|Dharawal|Darawal|Mathews|Darawa:l|Carawal|Thurrawall|Turu wal|Ta ga ry|Five Islands tribe,-34.565765331679,150.67940742247001,https://collection.aiatsis.gov.au/austlang/language/s59
852,S6,Ngangaruku,Meru|Nganguruku|Ngawait|Erawirungand|Rankbirit|Ngintait|Ngaralta|Ngaiawung|Nkanguru|Ngangurugu,-34.831537401429,139.45140032475001,https://collection.aiatsis.gov.au/austlang/language/s6
853,S60,Gundungurra / Gandangara,Burragorang|Gundungura|Gundaahmyro|Gundungorra|Cundunorah|Gundungari|Gundanora|Gurra gunga|Gungungurra,-34.397579064003,149.72449151430001,https://collection.aiatsis.gov.au/austlang/language/s60
854,S61,Eora,Sydney|Iora|Gamaraygal|Iyora|Biyal Biyal|Eo ra|Ea ora|Yo ra|Kameraigal|Kem:arai|Kemmaraigal|Camera gal|Cammera|Camerray gal|Cam meray|Kemmirai gal|Gweagal|Bedia mangora|Gouia gul|Gouia|Botany Bay tribe|Wanuwangul|Kadigal|Caddiegal,-33.777724549407,151.17549734651001,https://collection.aiatsis.gov.au/austlang/language/s61
855,S63,Wonnarua / Wanaruah,Wonarua|Awabakal|Wanarua|Wonnuaruah|Wannerawa|Wonnah Kuah,-32.239557993301,150.92482913718001,https://collection.aiatsis.gov.au/austlang/language/s63
856,S64,Dharug / Darug,Sydney|Dharuk|Other Australian Indigenous Languages|Dharuk etc|Daruk|Oharruk|Dharrok|Darrkinyung|Dharruk|Dharrook|Darrook|Broken Bay tribe,-33.889577865158,150.048412444890005,https://collection.aiatsis.gov.au/austlang/language/s64
857,S65,Darkinyung,Darkinjung|Darkinung|Darkinjang|Darginyung|Darknung|Darkiñoong|Darkin nyoong|Darkiñung|Darkinyûng|Darginjang,-33.035117239172003,150.82870492608001,https://collection.aiatsis.gov.au/austlang/language/s65
858,S66,Awabakal,Awabagal|Other Australian Indigenous Languages|Awaba|Kuri|Kuringgai|Lake Macquarie|Awarbukal|Arwarburkarl|Newcastle tribe,-33.055058071213999,151.52667363955999,https://collection.aiatsis.gov.au/austlang/language/s66
859,S67,Yuin,Dhurga|Djiringanj|Dyirringan|Thaua|Thawa|Walbanga|Wandandian|Jeringin|Juwin,0,0,https://collection.aiatsis.gov.au/austlang/language/s67
860,S68,Gunai / Kurnai,Kanai|Muk thang|Gaanay|Kurnai|Kunnai|Brabralung|Braiakaulung|Bratauolung|Ganai|Krauatungalung|Tatungalung|Gunai group|Gurnai|Kurmai|Muk Thang|Kurnai|Cunni|Gooni|Gunna|Guna,-37.975109995794,146.97262467362,https://collection.aiatsis.gov.au/austlang/language/s68
861,S69,Ngarrindjeri,Ngarrindjeri|Narrinyeri|Jarildukald|Meintangk|Pirtulun|Ramindjeri|Tanganukald|Warki|Alkaiyana|Koiyana|Kokkaiya|Korariga|Kororega|Kowrarega|Narrinjeri|Wathai yunu|Ngarinyeri|Narinyerrie|Narrinyerree|Narinjari|Yaralde,-35.758230670523,139.26910023753001,https://collection.aiatsis.gov.au/austlang/language/s69
862,S7,Ngayawang,Narrinyeri|Meru|Ngaiawung|Ngawait|Erawirungand|Rankbirit|Ngintait|Ngaralta|Nganguruku|Aiawong|Aiawung|Ajawung|Birta|Iawung|Karn brikolenbola|Moorunde|Moorundee|Moorundie|Murundi|Naiawu|Ngaiawang|Ngaijawa|Ngaiwung|Ngaiyau|Ngaiyawa|Nganjan|Nggauaiyo wangko|Nggauaiyowangke|Niawoo|Paruru|Peeita|Pieta|Pijita|Pitta|Wakanuwan|Ngayawung|Nggauaiyowangko|Moo rundee,-34.403292426699,139.50160299952,https://collection.aiatsis.gov.au/austlang/language/s7
863,S70,Buibadjali,Buibatyalli|Wotjobaluk|Buiba tyalli|Buibatjali|Wotjo ba laiuruk|Wuttya bullak|Wuttyuballeak|buibaty alli|Wattyabullak|Woychibirik|Woitu bullar|Tjatijala|Tyatty alla|Djadjala|Iyattyala|Kurm me lak|Wimmera tribe|Gourrbaluk|Gnallba gootchyourl|Malikun ditj|Malleegunditch,-35.714872125901,142.4199042285,https://collection.aiatsis.gov.au/austlang/language/s70
864,S71,Gadubanud,Katubanut|Wild blacks|Yarro waetch|Pallidurgbarran,-38.618242636271,143.64401073120001,https://collection.aiatsis.gov.au/austlang/language/s71
865,S72,Wichintunga,Marditjali|Wichantunga|language|speech|Witjintanga,0,0,https://collection.aiatsis.gov.au/austlang/language/s72
866,S73,Djargurd Wurrong,Tjarcote|Djargurdwurung|Kolakngat|Warn Tallin|Djagurd wurrung|Tjarn|coort nation|Tautgort|Tarrkoort|Jarcoort tribe|Jarncoort|Charcate|Jar goort nation|Tcharcate hoo|rong|Jahcourt|Tarcoort|Tjarcoort|Tarcote nation|Jarncote|Jarcote|Tantgort|Tcharcate|Tcharcote|Targurt|Targerat|Tant gurt|Dautgart|Dantgurt|Jarcort|Dant goort|Dantgourt|Jarcoot|Jarkoort|Jancourt tribe|Charcourt tribe|Jarcoort|Dyargurt|Jarcott|Danggurt|Djargurd|Janga|Jarcoota|Kolongulak language|Warn talling|Camperdown tribe|Warntalliin|Warn dhalanj|Warntaliin|Warn Talluin|Lantgurt,-38.175353962835,143.25681555616001,https://collection.aiatsis.gov.au/austlang/language/s73
867,S74,Gaiwurrung,Kii wuurong|Kii|Gai wurung|Gai wurrung,-38.024063872673999,142.34830506135,https://collection.aiatsis.gov.au/austlang/language/s74
868,S75,Koornkopanoot,Gurngubanud|Kuurn kopan noot tribe|Kuurn kopan noot kuurndit|Kuurn kopan noot|Kurn kopan nut|Kourn kopan|Kaurnkopan|Gurngobanud,-38.169915029948,142.32901973558,https://collection.aiatsis.gov.au/austlang/language/s75
869,S76,Moatatunga,Mootatunga,0,0,https://collection.aiatsis.gov.au/austlang/language/s76
870,S77,Bi:gwurrung,Peek Whurrung|Peek Whurrong|Big Wurrung|Port Fairy tribe|Peek whuurong|Peek whurrong|Peek whurrong kuurndit|Peek whurong|Peek whunrong|Peekwurru|Peek wuurong|Peak whurrong|Kelp Lip tribe|Bigwurung|Peek Whorung|Bi:gwurung|Peekwhuurong,-38.293845345763,142.27430709161999,https://collection.aiatsis.gov.au/austlang/language/s77
871,S78,Pinejunga,Pinechunga,0,0,https://collection.aiatsis.gov.au/austlang/language/s78
872,S79,Taloinjunga,Polinjunga|Toloinjunga,0,0,https://collection.aiatsis.gov.au/austlang/language/s79
873,S8,Yaraldi,Yaralde|Yaralde Tingar|Narrinyeri|Jaralde|Jaraldi|Jarildekald|Jarildi|Jarildikald|Lakalinyeri|Narrinyerree|Narrinjeri|Narrinyerrie|Pitta|Pitta pitta|Warawalde|Yalawarre|Yarilde|Yarildewallin|Yarrildie|Piccanini Murray people,-35.451318124135,139.37551354071999,https://collection.aiatsis.gov.au/austlang/language/s8
874,S80,Wirngilgnad Dhalinanong,Wirngnilgnad dhalinanong|Wirngilg nad dhalinanong|Wirngill gnatt tallinanong,-38.488177395757,143.021137990130001,https://collection.aiatsis.gov.au/austlang/language/s80
875,S81,Wulluwurrung,Wol|low|wer|to|ro|Wal|lo|er|rer tribe  Glenelg tribe|Woollo er rer tribe|Wollorerer|Wol lowen natives|Wol lore rer natives|lore|rer|Glenelg blacks|Wol lore rer|Wallowerer|Wool ler ware rong|Wol lore|conedeet|Woolowerong konedeet|Woolowero|Wuluwurru|Wulu wuru|Wuluwwui|Mooloo woorong|Mooko woorong|Wullu Wurrung/Wullu wurru,-37.843211116013,141.63423301854999,https://collection.aiatsis.gov.au/austlang/language/s81
876,S82,Koort-kirrup,"",0,0,https://collection.aiatsis.gov.au/austlang/language/s82
877,S83,Ngurai-illamwurrung,Ngurraiillam|Ngurelban|Ngurai illam wurrung|Worilum|Worilelum|Worileum|Woralelum|Wor rile lum|Wor rale lum|Worelelum|Wuy|u|roo|Gunn el ban|Gnurellean|Nouralung bula|Mour alung bula|Nguralung bula|Noorillim|Ngooraialum|Ngurilim|Oorai alum|Oorilim|Woo ral lim|Ooral lim|3 Panyool|Paboinboolok|Pimpandoor|Panpandoor,-36.472809655538,145.08169255656,https://collection.aiatsis.gov.au/austlang/language/s83
878,S84,Jagwadjali,Richardson River tribe|Richardson Valley blacks,-36.321625541817,142.68466209576999,https://collection.aiatsis.gov.au/austlang/language/s84
879,S85,Biwadjali,Bewa tyalli|Bewa be watyalli,-36.305861371785,141.78568318654001,https://collection.aiatsis.gov.au/austlang/language/s85
880,S86,Pirtpirtwurrung,Pirt pirt wurrung|Pirt kopan noot|Bird Bird Wurung|Birdbird wurrung,-37.413948711457,142.79881459185,https://collection.aiatsis.gov.au/austlang/language/s86
881,S87,Nundadjali,Nundatyalli|Howitts Mukjarawaint|Currs Brapkut appear to be variants of Nundadjali,-37.389334201401,141.80048331135001,https://collection.aiatsis.gov.au/austlang/language/s87
882,S88,Wotjobaluk,Wutjabulak|Wudjubalug|Wotjoballuk|Wotjo baluk|Wotjo  balluk|Wotjoballaiuk|Wotjoballuck|Guli ballaiuk|Wutyuballeak tribes|Wuttyubullak|Wuttyabullak|Wotjo|Wotjobolak|Wotjobalek|Wutjubaluk|Wotjo tribe|Wotjo ba laiuruk|Wattyabullak|Woychibirik|Woitu bullar|Wotjobuluk|Watjo|Wudjubaluk|Wotjobalak|Wergaia|Wuttya bullak|Wuttyuballeak|Buibatjali|buibaty alli|Tjatijala|Tyatty alla|Djadjala|Iyattyala|Kurm me lak|Wimmera tribe|Gourrbaluk|Gnallba gootchyourl|Malikun ditj|Malleegunditch,-35.724061376745,142.99956321434999,https://collection.aiatsis.gov.au/austlang/language/s88
883,S89,Waywurru / Pallanganmiddang,"",0,0,https://collection.aiatsis.gov.au/austlang/language/s89
884,S9,Ngarkat,Ngargad|Ngarkut|Arkatko|Baine Hill tribe|Baripung|Beeripung|Beripar|Booripung|Boraipar|Boripar|Buripung|Deenbauraket|Doen baurarket|Doenbauraket|Duwinbarad|Duwinbarap|Duwinbaray|Jackalbarap|Jacke gilbrab|Jackegilbrab|Jakalbarap|Jakel baluk|Jakelbaluk|Mangkarupi|Merkani|Merkanie|Nalunghee|Ngalundji|Ngarkato|Ngerget|Ngerukati|Ngeruketi|Ratarapa|Tatiari|Thatiari|Tjakulprap|Wragarite|Wularuki|Ngargat|NGerget|Ngarket|Arakatko tribe|Darkat|Tatiara blacks|Tatiaria blacks|Tatiara tribe spoke the Nalunghee language according to Mathews 1898,-35.361135554837,140.35224473013,https://collection.aiatsis.gov.au/austlang/language/s9
885,S90,Minjambuta,Taungurong|Daundwurrung|Mogullumbidj|Minyambuta|Mogul lumbitch,-36.810183716502,146.63419493942999,https://collection.aiatsis.gov.au/austlang/language/s90
886,S91,Nulit,"",0,0,https://collection.aiatsis.gov.au/austlang/language/s91
887,S92,Wathurung,Wathaurung|Wadthaurung|Wudjawurung|Witowurung|Witowurrong|Witawurong|Witowro|Witoura|Wuddyawurru|Wiityahuuroong|Wooeewoorong,0,0,https://collection.aiatsis.gov.au/austlang/language/s92
888,S93,Ngarad,"",0,0,https://collection.aiatsis.gov.au/austlang/language/s93
889,S94,Jupagalk,Yugapulk|Jambajamba|Yamba|Yam bayamba|Yuppila|Yupa galk wournditch|Yow ew nil lurn|Towanninny|Mallenjer rick,0,0,https://collection.aiatsis.gov.au/austlang/language/s94
890,S95,Djilamatang,Waananga|man,0,0,https://collection.aiatsis.gov.au/austlang/language/s95
891,S96,Hawkesbury River - Broken Bay language,"",-33.505703582057,151.21903580242,https://collection.aiatsis.gov.au/austlang/language/s96
892,S97,Bangerang / Kwat Kwat / Waveroo,Quart Quart Kwat Kwat|Quart Quart|Emu Mudjug tribe|Pikkolatpan,0,0,https://collection.aiatsis.gov.au/austlang/language/s97
893,S98,Southern Ngarigu,"",0,0,https://collection.aiatsis.gov.au/austlang/language/s98
894,T1,Northern Tasmanian,Tommeginne|North tribe|North Tasmania|North Tribe|Northern,-41.325050301738,146.033582106589989,https://collection.aiatsis.gov.au/austlang/language/t1
895,T10,South-western Tasmanian,Toogee|Southwest tribe|South West|Western,-43.400361179481,146.071287192419987,https://collection.aiatsis.gov.au/austlang/language/t10
896,T11,Robbins Island Tasmanian,Peerapper|Northwest tribe|North West|Western,-40.66698250636,144.95572693284001,https://collection.aiatsis.gov.au/austlang/language/t11
897,T12,Circular Head Tasmanian,Peerapper|Northwest tribe|North West|Northern,-40.856776077497,145.37373332698999,https://collection.aiatsis.gov.au/austlang/language/t12
898,T13,Port Sorell Tasmanian,Tommeginne|North tribe|North|Northern,-41.275548660291,146.56807260033,https://collection.aiatsis.gov.au/austlang/language/t13
899,T14,Piper River Tasmanian,Pyemmairrener|Northeast tribe|North East|North eastern,-41.13581008719,147.40242949845,https://collection.aiatsis.gov.au/austlang/language/t14
900,T15,Little Swanport Tasmanian,Paredarerme|Oyster Bay tribe|Oyster Bay|Mid eastern,-42.440638080356,147.95647320923001,https://collection.aiatsis.gov.au/austlang/language/t15
901,T16,palawa kani,Trawlwulwuy,0,0,https://collection.aiatsis.gov.au/austlang/language/t16
902,T2,Oyster Bay Tasmanian,Paredarerme|Oyster Bay tribe|Oyster Bay|Little Swanport|Mid eastern,-42.503566832078,147.76871481564999,https://collection.aiatsis.gov.au/austlang/language/t2
903,T3,North-western Tasmanian,Peerapper|Northwest tribe|Circular Head|North Western|Robbins Island|Northwest Tasmania|North West Tribe|Western,-41.245614266257,144.87214604607999,https://collection.aiatsis.gov.au/austlang/language/t3
904,T4,North Midlands Tasmanian,Tyerrernotepanner|North Midlands tribe|Mid eastern,-41.667699264837,147.18813337137999,https://collection.aiatsis.gov.au/austlang/language/t4
905,T5,South-eastern Tasmanian,Nuenonne|Southeast tribe|Southeast Tasmania|South East|South eastern,-43.225544401928,146.99773612688,https://collection.aiatsis.gov.au/austlang/language/t5
906,T6,Macquarie Harbour Tasmanian,"",0,0,https://collection.aiatsis.gov.au/austlang/language/t6
907,T7,Ben Lomond,"",0,0,https://collection.aiatsis.gov.au/austlang/language/t7
908,T8,Big River Tasmanian,Lairmairrener|Big River tribe|Big River|Mid eastern,-42.425061457076,146.75888026301001,https://collection.aiatsis.gov.au/austlang/language/t8
909,T9,Cape Portland Tasmanian,Pyemmairrener|Northeast tribe|North East|North eastern,-41.082510683171002,148.059322834590006,https://collection.aiatsis.gov.au/austlang/language/t9
910,W1,Bibulman,Nyungar|Pipalman|Nyunga|Bibbulman|Beebulmun|Dibelman|Meeraman|Peopleman|Pibelmen|Bajongwongi|Bebleman|Bibalman|Bibbulmun|Bibilum|Bibu:lmoun|Bibulmun|Murram|Nurram|Peoplemen|Pepelman|Pibelman|Pibilum|Piblemen|Pipelman|Bibalman/Njungar,-34.418749139472,115.94663852823,https://collection.aiatsis.gov.au/austlang/language/w1
911,W10,Ballardong,Balardung|Ballerdokking|Boyangura|Maiawongi|Mudila|Toode nunjer|Waljuk|Warranger|Warrangul|Baladon|Balardong|Balladong|Ballardon|Ballerdocking|Boijangura|Booyungur|Boyangoora|Mean anger|Meenung|Meernanger|Minang|Minnal Yungar|Minung|Mirnong|Mount Barker tribe|Mudi:a|Mudilja|Toodenunjer|Warrangle,-31.555545946533,117.13168711006,https://collection.aiatsis.gov.au/austlang/language/w10
912,W11,Yuat,Nyungar|Iwat|Juat|Jurien Bay tribe|Yanchep tribe|Yuwat|Jabanwongi|Jaburu jungara|Juad|Minnalyungar|New Norcia tribe|Tirarop|Yuaát|Yuard|YuedMurara|Yued,-30.85744442145,115.91936123371001,https://collection.aiatsis.gov.au/austlang/language/w11
913,W12,Amangu,Amandyo|Amangoo|Champion Bay tribe|Ying|Emangu|Geraldton tribe|Jing|Merenji|Naakurdi|Njaagurdi|Nyaakurdi|Nyaakurti|Amangu/Njaagurdi|Nhaaguja|man,-29.47328681154,115.52982350353,https://collection.aiatsis.gov.au/austlang/language/w12
914,W13,Watjanti,Watchandi|Nhanta|Kalaamaya|Watjanmay|Eaw|Galamaia|Jabururru|Jawan|Kalamaia|Kelamai|Natingero|Takalako|Yabro|Wadjandi|Watchandie|Watjandi|Nanda|Wadyandi|Watjandee|Wattandee|Wattandi|Jau|Yau|Buluguda|Bulgulu|Tamala|Daguda,-28.100476255867,114.68795698007,https://collection.aiatsis.gov.au/austlang/language/w13
915,W14,Nhanda / Nanda,Nhanta|Yinggarda|Eaw|Watjanti|An gaur die|Bulgulu|Buluguda|Daguda|Eau|Jau|Nandatharia|Nanta|Ngoogooja|Nunnagundee|Tamala|Watchandi|Watchandie|Watjandi|Yau|Yaw|Amangu|Wilunya,-26.724586274598,113.9743977381,https://collection.aiatsis.gov.au/austlang/language/w14
916,W15,Daguda,Malkana|Buluguda|Damala|Malgana|Tamala|Dagurda|Nanda|Thaagurda|Thaawurda|Takurda|Jau|Yau|Eaw|Watjandi|Watchandi|Watchandie|Bulgulu,-27.169657024962,114.79909700523,https://collection.aiatsis.gov.au/austlang/language/w15
917,W16,Damala,Malkana|Damala/Tamala|Buluguda|Daguda|Malgana|Tamala|Nanda|Thaamala|Jau|Yau|Eaw|Watjandi|Watchandi|Watchandie|Bulgulu,0,0,https://collection.aiatsis.gov.au/austlang/language/w16
918,W17,Buluguda,Malkana|Daguda|Damala|Malgana|Tamala|Bulguda|Nanda|Bulugurda|Jau|Yau|Eaw|Watjandi|Watchandi|Watchandie|Bulgulu,-26.057035030840002,113.80529507395001,https://collection.aiatsis.gov.au/austlang/language/w17
919,W18,Malgana,Malkana|Buluguda|Daguda|Damala|Tamala|Madjana|Majanna|Maldjana|Malyana|Marlgana,-26.366889692615,114.38349712828,https://collection.aiatsis.gov.au/austlang/language/w18
920,W19,Yingkarta,Other Australian Indigenous Languages|Ingada|Yinggarda|Angardie|Ingara|Inparra|Jinggarda|Mandi|Manthi|Tedei|Thirrily|Angaardi|Angaardie|Ingadi|Ingarda|Ingarra|Ingarrah|Inggadi|Inggarda|Ingra|Jaburu|Kakarakala|Kurudandi|YinggardaAngardie,-24.945648783161,114.53581854353,https://collection.aiatsis.gov.au/austlang/language/w19
921,W2,Mirnang / Mineng,Nyungar|Minang|Nyunga|Mearn anger|Meenun|Minnal Yungar|Mirnong|Mount Barker tribe|Meenung|Mining|Minninng|Minong|Minung|Mean anger|Meern anger,-34.721824435789,117.56463195428,https://collection.aiatsis.gov.au/austlang/language/w2
922,W20,Maya,Maia|Majanna|Miah|Maja,-24.421954146867,114.33208128702999,https://collection.aiatsis.gov.au/austlang/language/w20
923,W21,Tharrkari,Dhargari|Tharrgari|Targari|Tharkarri|Dalgari|Dargari|Tarkari|Tarkarri|Tarlgarri|Tarugari|Thadgarri|Thargari|Tarl garri,-23.756546624791,114.96198555341,https://collection.aiatsis.gov.au/austlang/language/w21
924,W22,Warriyangga,Warriyangka|Wariyangga|Malgaru|Malykaru|Warianga|Woorienga|Wadi|Wadiwangga|Wari wonga|Wariangga|Warienga|Wariengga|Wariwonga|Wariwongga|Warrijangga|Warriwonga|Woorenga|Worrienga|Wariyanga|iengga,-24.629701906581,115.77195356062001,https://collection.aiatsis.gov.au/austlang/language/w22
925,W23,Bayungu,Payungu|Baijungu|Binnigoora|Payu|Pinneegoora|Baijungo|Baiong|Baiung|Bajungu|Biong|Mulgarnoo|Paiunggu|Pajungu|Baiyungu,-23.20949389547,113.95209994077,https://collection.aiatsis.gov.au/austlang/language/w23
926,W24,Burduna,Purduna|Boordoona|Buruna|Budina|Budoona|Buduna|Peedona|Pinneegooroo|Poodena|Poordoona|Puduna|Purduma|Wati Paruna|Bootena|Wati Puruna,-23.047941011966,115.11520770260999,https://collection.aiatsis.gov.au/austlang/language/w24
927,W25,Thiin,Djiwarli|Denma|Dhiin|Tenma|Deen|Te:n|Teen|Teenma|Thenma|Thiinma,-23.71156576435,116.68011572515999,https://collection.aiatsis.gov.au/austlang/language/w25
928,W26,Thalanyji,Thalantji|Other Australian Indigenous Languages|Dhalandji|Dalandji|Djalandji|Inikurdira|Jinigudira|Talandji|Yinikurtira|Dalaindji|Dalangi|Dalanjdji|Dalendi|Djalandi|Djalendi|Mulgarnu|Talaindji|Talainji|Talandi|Talangee|Talanjee|Talanji|Talinje|Tallainga|Tallainji|Taloinga|Thalanji|Tal lainga|Jinigudera|Jinigura|Jiniguri|Jarungura,-22.522885548089,114.94086402115001,https://collection.aiatsis.gov.au/austlang/language/w26
929,W28,Jiwarli,Tjiwarli|Djiwarli|Djiwali|Dyiwarli|Guwari|Jiwali|Kuwari|Mantharta|Tai warli|Tjiwarliny|Jivali|Tci warli|Tjiwali|Tivali,-23.497306025591,115.90091904253001,https://collection.aiatsis.gov.au/austlang/language/w28
930,W3,Wardandi,"Wartanti|Other Australian Indigenous Languages|Doonin|Jabaru|Belliman|Bunbury tribe|Dornderupwongy|Dunanwongi|Geographe Bay tribe|Kardegur|Vasse tribe|Wadarndi|Wadjandi|Yabaroo|""Bunbury tribe""|Dardanup|Dordenup|""Geographe Bay|Vasse tribe""|Kaiali|Kardagur|Nghungar|Wa:dandi|Wadandi|Wadarandee|Wadarndee|Waddarndi|Wardandie|Warttandee|Geographe Bay|Dor denup",-33.856929424118,115.4378526273,https://collection.aiatsis.gov.au/austlang/language/w3
931,W30,Nhuwala,Ngoala|Noala|Nornamaronga|Jawanmala|Noalla|Noanamaronga|Noella|Nooanamaronga|Nooanamarongo|Nooela|Nuala|Nuela|Nunkaberi|Nuwala,-21.538836634658,115.686013235,https://collection.aiatsis.gov.au/austlang/language/w30
932,W31,Yarnarri,Kurrama|Janari|Gurama|Jardira|Kerama|Korima|Niabali|Njiabali|Njijabali|Iabali|Jana,0,0,https://collection.aiatsis.gov.au/austlang/language/w31
933,W33,Jurruru,Tjurruru|Churoro|Djuroro|Joruro|Tchuraru|Tjuroro|Yankurangku|Choororo|Chooraroo|Djururu|Tjororo|Tjururu|Tjururo|Djururo,-23.232021787684,116.90722179422001,https://collection.aiatsis.gov.au/austlang/language/w33
934,W34,Binigura / Pinikura,Pinigura|Binnigoora|Pinneegoora|Biniguru|Binnigora|Binniguru|Pinikurra,-23.030559062165,116.37279498494,https://collection.aiatsis.gov.au/austlang/language/w34
935,W35,Martuthunira,Other Australian Indigenous Languages|Martuyhunira|Mardathon|Mardatuna|Mardayunira|Mardudjungara|Mardudunera|Padupadu|Jawunmala|Maratunia|Mardadhunira|Mardadhuniya|Mardathoni|Mardathoonera|Mardathunera|Mardathunira|Mardatunera|Mardudhoonera|Mardudhunera|Mardudhunira|Marduduna|Marduthunira|Mardutunira|Marduyhunira|Martuthuniya|Martuyunira|Mardutunera,-21.405484350395,116.45087969332,https://collection.aiatsis.gov.au/austlang/language/w35
936,W36,Kurrama,Other Australian Indigenous Languages|Gurama|Janari|Jardira|Kerama|Korima|Gurrama|Jana:ri|Jawunmara|Karama|Karima|Korama|Kurama|Yarnarri|Yinyjiwarnti Kurrama|Mijarranypa|Marntartka|Ngamangamara,-22.345409300705,117.12525608201,https://collection.aiatsis.gov.au/austlang/language/w36
937,W37,Yindjibarndi,Yinjtjiparnrti|Burnugundi|Indjibandi|Jaurnmalu|Mandanjingu|Binjiebandie|Een ge pan ty|Indjiban|Indjibandje|Indjibandji|Ingibandi|Injibandi|Jana:ri|Jindiparndi|Jindjaparndi|Jindjibandi|Jindjibandji|Jindjibanji|Jindjiparndi|Kakardi|Mandanjong|Mardanjungu|Yanari|Yingiebandie|Yinjibarndi|Jindjibarndi|Yinytjiparnti|Ingi bandi|Mandanjongo,-21.737661452051,117.86817738924999,https://collection.aiatsis.gov.au/austlang/language/w37
938,W38,Ngarluma,"Kymurra|Ngaluma|Gnalluma|Gnalooma|Gnalouma|Jaburarra|Jaburrara ngarluma|Karira Ngaluma|Naluma|Ngalama|Ngallooma|Ngalluma|Ngalooma|""Nickol Bay"" tribe|Paljari|Qualluana|Ngar luma|Nickol Bay tribe",-20.982239359049,117.55639763374,https://collection.aiatsis.gov.au/austlang/language/w38
939,W39,Kariyarra,Kariera|Kudjunguru|Kariara|Gariera|Gariyarra|Kaierra|Karriara|Karriarra|Kyeara|Kyreara|Minjiburu|Minjirbururu|Minjubururu|Paljarri|Minjiburu:,-20.870804946752,118.4788128607,https://collection.aiatsis.gov.au/austlang/language/w39
940,W4,Kaniyang,Nyungar|Kaneang|Nyunga|Ganeang|Jabururru|Kunyung|Ganajang|Harvey|Jaburu|Jabururu|Ka:lbaranggara|Kaleap|Kaniyan|Kunjung|Quailup|Qualeup|Qualup|Uduc|Waal|Yobberore|Ganiyang|Ka:lbar anggara|Uduc Harvey tribe|Qua lup|g,-33.984155118722,116.69830213417001,https://collection.aiatsis.gov.au/austlang/language/w4
941,W40,Ngarla,Kudjunguru|Other Australian Indigenous Languages|Ngurla|Bedengo|Bidungo|Bidungu|Gnalla|Nga:la|Ngaea|Ngala|Ngalana|Ngerla|Ngirla|Ngoorla|Palatoj|Pardoo|Pedong|Peedona|Peedong|Pidungu|Wanbarda,-20.26323035168,119.70523345191,https://collection.aiatsis.gov.au/austlang/language/w40
942,W41,Noongar / Nyungar,Nyungar|Nyunga|Wudjari|Njunga|Wudjarima|Wudjari:ma|Wuda|Wudja|Widjara|Warangu|Kwaitjman|Ngokwurring|Ngokgurring|Nunga|Njungar|Nonga|Yunga|Bremer Bay tribe|Yungar|Njungura|Karkar|Caskcar  Daran for Wudjari,-32.922134838511,117.84001285204999,https://collection.aiatsis.gov.au/austlang/language/w41
943,W42,Northern Yingkarta,Yinggarda|Mandi/Manthi|Angardie|Ingada|Ingara|Inparra|Jinggarda|Mandi|Manthi|Tedei|Thirrily|Yingkarta|Maandi|Nandu,0,0,https://collection.aiatsis.gov.au/austlang/language/w42
944,W43,Pulinya,Yinggarda,0,0,https://collection.aiatsis.gov.au/austlang/language/w43
945,W44,Janadjina,Janadina,-24.735537440284,118.26741923301999,https://collection.aiatsis.gov.au/austlang/language/w44
946,W45,Watjanmay,Kalaamaya|Galamaia|Jabururru|Jawan|Kalamaia|Kelamai|Natingero|Takalako|Yabro,-30.429310013267,119.98744376942,https://collection.aiatsis.gov.au/austlang/language/w45
947,W46,Southern Yingkarta,Yinggarda|Tedei/Thirrily|Angardie|Ingada|Ingara|Inparra|Jinggarda|Mandi|Manthi|Tedei|Thirrily|Yingkarta|Tjoki|Choe kie|Chockie,-25.705950094913,114.93686429956,https://collection.aiatsis.gov.au/austlang/language/w46
948,W47,Yapurarra,Jaburrara|Yaburara|Jaburara|Jaburrarra|Yaburarra|Jaburara ngaluma|Jaburrara ngarluma|Madoitja,-20.671515331012,116.68677815287,https://collection.aiatsis.gov.au/austlang/language/w47
949,W48,Djungundja,"",0,0,https://collection.aiatsis.gov.au/austlang/language/w48
950,W49,Jadira,Kurrama|Jardira|Gurama|Janari|Kerama|Korima|Kawarindjari|Kawarandjari|Ka warandari|Kawarindjara|Kauarindarri|Kauarndhari|Garindjari,-21.845529866535,116.18847829585999,https://collection.aiatsis.gov.au/austlang/language/w49
951,W5,Goreng / Koreng,Nyungar|Caracterrup|Corine|Kuriny|Qualup|Warangu|Bremer Bay tribe|Coreng|Cororan|Kaialiwongi|Kaleap|Ko:rengi|Kojonup|Kokar|Mongup|Stirling tribe|Warranger|Warrangle|Warrangoo|Coro ran,-34.011091763445002,118.44081605385,https://collection.aiatsis.gov.au/austlang/language/w5
952,W50,Jindijind,"",0,0,https://collection.aiatsis.gov.au/austlang/language/w50
953,W51,Malygaru,Warriyangga|Malgaru|Malykaru|Warianga|Woorienga,0,0,https://collection.aiatsis.gov.au/austlang/language/w51
954,W52,Nokaan,Noga:n|Nagadja|Nagodja|Ngadja|Akadja|Akady|Akadi|Wiludjanu,-27.243444841668,115.16803192805,https://collection.aiatsis.gov.au/austlang/language/w52
955,W53,Wirlu,"",0,0,https://collection.aiatsis.gov.au/austlang/language/w53
956,W54,Yinigudira,"",0,0,https://collection.aiatsis.gov.au/austlang/language/w54
957,W55,Jaburu,"",0,0,https://collection.aiatsis.gov.au/austlang/language/w55
958,W56,West Ngarluma,"",0,0,https://collection.aiatsis.gov.au/austlang/language/w56
959,W57,East Ngarluma,"",0,0,https://collection.aiatsis.gov.au/austlang/language/w57
960,W58,Yindjibarndi Padupadu,"",0,0,https://collection.aiatsis.gov.au/austlang/language/w58
961,W59,Ngarluma Padupadu,"",0,0,https://collection.aiatsis.gov.au/austlang/language/w59
962,W6,Bindjareb / Pinjarup,Nyungar|Pindjarup|Nyunga|Binjarub|Bangoula|Banyoula|Banyowla|Bindjarub|Binjarab|Darbalung|Kuriwongi|Kurwongi|Murray tribe|Peejine|Penjarra|Pidjain|Pindjarap|Pinjarra|South West tribe|Woodarngup|Wooralgulla|Yaberoo,-32.898362129869,115.9165791161,https://collection.aiatsis.gov.au/austlang/language/w6
963,W60,Yinyjiwarnti Kurrama,"",0,0,https://collection.aiatsis.gov.au/austlang/language/w60
964,W61,Mijarranypa,"",0,0,https://collection.aiatsis.gov.au/austlang/language/w61
965,W62,Marntartka,"",0,0,https://collection.aiatsis.gov.au/austlang/language/w62
966,W63,Ngamangamara,"",0,0,https://collection.aiatsis.gov.au/austlang/language/w63
967,W65,Djiraly,"",0,0,https://collection.aiatsis.gov.au/austlang/language/w65
968,W66,Kongal-marawar,"",0,0,https://collection.aiatsis.gov.au/austlang/language/w66
969,W67,Kongal-boyal,"",0,0,https://collection.aiatsis.gov.au/austlang/language/w67
970,W68,Purnukundi,"",0,0,https://collection.aiatsis.gov.au/austlang/language/w68
971,W69,Marndanjingu,"",0,0,https://collection.aiatsis.gov.au/austlang/language/w69
972,W7,Wilman,Nyungar|Wilmen|Wiilman|Wheelman|Wilmun|Jaburu|Jabururu|Weal|Weel|Weelabandi|Weil|Wi:lman|Will|Williams tribe,-33.14304707052,117.12823183806,https://collection.aiatsis.gov.au/austlang/language/w7
973,W70,Jaurnmalu,Jaunmalu|Ja'unmalu,0,0,https://collection.aiatsis.gov.au/austlang/language/w70
974,W8,Wudjari,Nyungar|Wutjari|Nyunga  Daran,-33.667079883764,120.59190956003,https://collection.aiatsis.gov.au/austlang/language/w8
975,W9,Wajuk,Nyungar|Whadjuk|Nyunga|Beelia|Beeloo|Derbal|Ilakuri wongi|Juadjag|Juadjek|Juadjuk|Karakata|Karrakatta|Minal njunga|Minalnjunga|Minnal Yungar|Mooro|Murram|Swan River Tribe|Wadjug|Wadjuk|Wadjup|Whajook|Witja:ri|Witjari|Yooadda|Yooard|Yoongar|Yuard|Yuatjek|Yungar|Yungur|Minnal|Minaln junga:|Caractterup tribe,-31.981489428617,116.12390432562,https://collection.aiatsis.gov.au/austlang/language/w9
976,Y1,Kala Lagaw Ya,Kalaw Kawaw Ya/Kalaw Lagaw Ya|West Torres|Kalaw Kawaw Ya|Kala Lagaw Langgus|Yagar Yagar|Mabuiag|Kowrarega|Karualaig|Kala Lagaw Langgus Yagar Yagar|Kala Kawaw Ya,-10.111847445993,142.19288918859999,https://collection.aiatsis.gov.au/austlang/language/y1
977,Y10,Wuthathi,Wuthati|Uradhi|Wotati|Wutati|Wotadi|Wudjadi,-12.022134656446999,143.067117099000001,https://collection.aiatsis.gov.au/austlang/language/y10
978,Y100,Koko Kai-kai,Kai kai|Koko gajgaj|Gai gai|Gugu Gai Gai,-16.247314300433,145.4505725642,https://collection.aiatsis.gov.au/austlang/language/y100
979,Y101,Uw Oykangand,Uw Oykangand|Oykangand|Koko Wangkara|Kunjen|Kuantari|Kundara|Gundara|Goondarra|Wangara|Wanggara|Kokowanggara|Kokawan gar|Kokatabul|Kokodaue|Koko daua|Oikand,-15.599672237506,142.021218612649989,https://collection.aiatsis.gov.au/austlang/language/y101
980,Y102,Tjapatja,Djabadja|Wakaman|Tyapatha|Wagaman|Wakkamon|Warkaman|Warkeeman|Warkeemin|Warkamin|Warkemon|Warkeemon|Wata man|Okenyika,0,0,https://collection.aiatsis.gov.au/austlang/language/y102
981,Y103,Kuku Kulunggur,Kuku yalanji|Kokokulunggur|Djankun|Jungkurara|Kokojelandji|Kokowalandja|Muluridji|Wakara|Wulpura|Gulunggor|Gulunggur|Ialung|Ialuniu|Jalung|Jalunju|Koko Kulunggu|Koko yalung|Kulunggur|Ngarlkajee|Yalung|Yalunyu|Gugu Gulunggur,-16.432406351082,145.34370554198,https://collection.aiatsis.gov.au/austlang/language/y103
982,Y104,Kuku Wakura,Kuku|Wakura|Agwamin|Wakara|Kuku yalanji|Ewamin|Wakamon|Djankun|Jungkurara|Kokojelandji|Kokokulunggur|Kokowalandja|Muluridji|Wulpura|Gugu Wagara|Koko wogura|Kookoowarra|Kuku Wagara|Wakoora|Woggara|Wun yurika|Wagara,-16.670068136448,144.21642519173,https://collection.aiatsis.gov.au/austlang/language/y104
983,Y106,Djabugay / Tjapukai,Dyaabugay|Djabuganjdji|Buluwai|Irukandjai|Dyabugay|Tjapukandji|Tjapukanja|Tjabogaitjandji|Tjabogaijanji|Kokonjunkulu|Kokonyungalo|Koko Tjumbundji|Hileman|Njakali|Nyakali|Tja:pukanja|Tjabogai tjandji|Tjabogai tjanji|Tcabogai tjanji|Toabogai tjani|Dyabugandyi|Tapelcay|Tuffelcey|Koko njunkulu|Koko nyungalo|Barron River dialect|Binggu,-16.737168486512,145.50845426914,https://collection.aiatsis.gov.au/austlang/language/y106
984,Y107,Areba,Rip|Ngarap|Kurtjar|Araba/Areba/Rib|Araba|Kunggara|Rib|A:rap|Ariba|Aripa|Goodarra|Goongarra|Ngariba|Ngarab,-17.0096271893000015,142.22281322590001,https://collection.aiatsis.gov.au/austlang/language/y107
985,Y108,Wagaman,Agwamin|Wakamon|Ewamin|Wakara|Okenyika|Tjapatja|Wakaman|Wakkamon|Warkaman|Warkamin|Warkeeman|Warkeemon|Wataman|Warkeemin|Warkemon|Wata man,0,0,https://collection.aiatsis.gov.au/austlang/language/y108
986,Y109,Kuku Djangun / Djungan,Kuku|Djangun|Kuku yalanji|Djankun|Jungkurara|Kokojelandji|Kokokulunggur|Kokowalandja|Muluridji|Wakara|Wulpura|Kuku Jangkun|Djunggun|Djagun|Ngaikungu|Dyangun|Chungki|Dyangunbari|Djandnandi|Chunkunburra|Chunkunberry|Changunberries|Shanganburra|Kokotjangun|Kokomutju|Mutju|Ngaikungo|Ngaikungo i,-17.105885018916,144.96879177775,https://collection.aiatsis.gov.au/austlang/language/y109
987,Y11,Ngu'rand,Nggurand|Tjongkandji|Tjungundji|Tyongandyi|Chongandji|Tjongangi|Joonkoonjee|Joongoonjie|Chunkunji|Chin ganji|Ngucrand|Ngu?rand,0,0,https://collection.aiatsis.gov.au/austlang/language/y11
988,Y110,Bulway,Djabuganjdji|Buluwai|Irukandjai|Tjapukai|Buluwandji|Buluwandyi|Bulwandji|Bulwandyi|Buluwan dyi,-17.0044618270630004,145.56235239477999,https://collection.aiatsis.gov.au/austlang/language/y110
989,Y111,Yirrgay,Djabuganjdji|Irukandjai|Buluwai|Tjapukai|Chumchum|Dingal|Dungara|Dungarah|Illagona|Irakanji|Irukandji|Tingaree|Tingeree|Umbay|Walpoll|Wongulli|Yerkanji|Yettkie|Yirgay|Yirkandji|Yirkanji|Yirgandji,-16.941232272973,145.73342689559999,https://collection.aiatsis.gov.au/austlang/language/y111
990,Y112,Binggu,Tjapukai|Tjapukandji|Tja:pukanja|Tjabogai tjandji|Tjabogai tjanji|Tcabogai tjanji|Toabogai tjani|Tjabogaijanji|Dyabugandyi|Dyabugay|Tapelcay|Tuffelcey|Koko njunkulu|Koko nyungalo|Koko Tjumbundji|Hileman|Njakali|Nyakali|Barron River dialect,0,0,https://collection.aiatsis.gov.au/austlang/language/y112
991,Y113,Narkali,Narkalinji|Nakalinji,0,0,https://collection.aiatsis.gov.au/austlang/language/y113
992,Y114,Gunggay,Yidiny|Yidinjdji|Gungganyji|Idindji|Kongkandji|Madjandji|Wanjuru|Garlngandji|Goonganjee|Goonganji|Gun Gaja|Jinggu|Koo gun ji|Kooganji|Koongangie|Kungandji|Kunggandji|Kunggandyi|Kungganji|Melroyji|Mook|Yellungie|Yettkie,-16.961763753403,145.91481455754001,https://collection.aiatsis.gov.au/austlang/language/y114
993,Y115,Mbabaram,Barbaram|Balbarum|Bar Barrum|Barbarem|Barbarum|Booburam|Gugu Mbabaram|Illagona|Kwearriburra|Mogmbabarum|Morruburra|Oombarbarum|Queeariburra|Umbarbaram|Warrialgona|Woombarbarram|Woombarrmbarra|Wumbabaram|Wumbarbaram|Koko Beberam  this is not equivalent of Mbabaram|Bar barum|Boobu ram|Bar-Barrum,-17.264955959177,145.077739547530001,https://collection.aiatsis.gov.au/austlang/language/y115
994,Y116,Djandjandji,"",0,0,https://collection.aiatsis.gov.au/austlang/language/y116
995,Y117,Yidinj,Yidiny|Yidinjdji|Gungganyji|Idindji|Kongkandji|Madjandji|Wanjuru|Bolambi|Boolboora|Charroogin|Deba|Djumbandji|Eneby|Gerrah|Gijow|Gillah|Guwama:l|Ituntji|Idi|Idin|Idin wudjar|Iding|Idinji|Indindji|Itti|Jidindji|Jumbandjie|Kitba|Maiara|Maimbi|Maimbie|Mulgrave River dialect|Mungera|Myarah|Ohalo|Pegullobura|Warra warra|Warryboora|Woggil|Yellingie|Yetinji|Yettingie|Yiddinji|Yidin|Yidindji|Yidindyi|Yidtinji|Yiti Ntyi|Yukkaburra|Yiti ntyi|Idi:,-17.087085354441999,145.76560334269001,https://collection.aiatsis.gov.au/austlang/language/y117
996,Y118,Waribarra Mamu,Dyirbal|Mamu|Wardibara|Dulgabara|Morruburra,-17.504781108732,145.77177644141,https://collection.aiatsis.gov.au/austlang/language/y118
997,Y119,Madjay,Yidiny|Madjandji|Madyay|Matjai|Matjandji|Mooka|Wanjuru|Wanyur|Wudjur|Wundjur|Mutyanthi,-17.262975994997,145.85699041684001,https://collection.aiatsis.gov.au/austlang/language/y119
998,Y12,Luthigh,Uradhi|Luthig|Okara|Oharra|Tepithiki|Teyepathiggi|Teppathiggi|Teepani,-11.928495760911,142.11650351298999,https://collection.aiatsis.gov.au/austlang/language/y12
999,Y120,Njirma,Ngirma|Djirubal|Tjirbal|Chirpalji|Dyirbaldyi|Djirbal|Dyirbalngan|Dyirbal|Chirpa|Choolngai,0,0,https://collection.aiatsis.gov.au/austlang/language/y120
1000,Y121,Ngadjon / Ngadjan,Cape York Peninsula Languages|Ngadyan etc|Dyirbal|Djirbalngan|Ngatjan|Djiru|Giramay|Gulngai|Jirrbalngan|Keramai|Malanbara|Mamu|Eacham|Eashim|Eaton|Hucheon|Jitjam|Madandji|Majanji|Narcha|Natchin|Nga:tja|Ngachan ji|Ngachanji|Ngadjandji|Ngadjen|Ngadyan|Ngadyandyi|Ngai djandji|Ngaitjandji|Ngatjai|Ngendjen|Russell River dialect|Ngadja|Alt|Ngatjai,-17.363776935189,145.70475458442999,https://collection.aiatsis.gov.au/austlang/language/y121
1001,Y122,Mamu,Dulgubarra Mamu|Dyirbal|Djirbalngan|Djiru|Giramay|Gulngai|Jirrbalngan|Keramai|Malanbara|Ngatjan|Dulgabara|Ma:mu|Ngirma|Njirma|Morruburra,-17.639984024027,145.74851848386999,https://collection.aiatsis.gov.au/austlang/language/y122
1002,Y123,Dyirbal / Jirrbal,Dyirbal|Djirbalngan|Djiru|Giramay|Gulngai|Jirrbalngan|Keramai|Malanbara|Ngatjan|Mamu|Djirubal|Djirbal|Tjirbal|Chirpalji|Dyirbaldyi|Dyirbalngan|Chirpa|Choolngai|Njirma,-17.740226555635,145.66133402195001,https://collection.aiatsis.gov.au/austlang/language/y123
1003,Y124,Djiru,Djirru|Djirbalngan|Giramay|Gulngai|Jirrbalngan|Keramai|Malanbara|Ngatjan|Mamu|Dyiru|Iimba|Djiru:|Djirubagala|Dyirubagala|Gerrah|Gillah,-17.907223658781,146.05213749999001,https://collection.aiatsis.gov.au/austlang/language/y124
1004,Y125,Tagalaka,Takalak|Thaypan|Tagalag|Dagalang|Da:galag|Targa lag|Tarkalag,-18.1973276258,142.96122717196999,https://collection.aiatsis.gov.au/austlang/language/y125
1005,Y126,Gulngay,Dyirbal|Djirbalngan|Gulngai/Malanbara|Djiru|Giramay|Gulngai|Jirrbalngan|Keramai|Malanbara|Ngatjan|Mamu|Djulngai|Gulnggai|Gulngui|Gulnguy|Kulngai|Kurlngay|Kurungai|Mallanpara|Tjulngai|Tully blacks,-17.961773039318,145.85253333877,https://collection.aiatsis.gov.au/austlang/language/y126
1006,Y127,Girramay,Dyirbal|man,-18.110030345362,145.73263290631999,https://collection.aiatsis.gov.au/austlang/language/y127
1007,Y128,Gugu Badhun,Gudjal|Guridjal|Kokopatun|Kutjala|Warungu|Badun|Breaba|Breeaba|Jullanku|Koko Padun|KokoPatun|Koko Badun|Patun|Koko Patun,-18.690340786321,145.23298721073999,https://collection.aiatsis.gov.au/austlang/language/y128
1008,Y129,Nywaigi,Nyawaygi|Manbara|Nawagi|Warakamai|Wulgurukaba|Geugagi|Negewi|Newigi|Nyawigi|Njawigi,-19.147356322328,146.39195338192999,https://collection.aiatsis.gov.au/austlang/language/y129
1009,Y13,Unjadi,Ojnandi|Onyengadi|Unyadi|Oyungo|Oyonggo|Empikeno|Umtadee|Wundjur,0,0,https://collection.aiatsis.gov.au/austlang/language/y13
1010,Y130,Biyay,Wargamaygan|Bandjin|Warakamai|Bandji|Bandyin|Banjin|Biaigiri|Bijai|Bundjin|Kunyin|Uradig|Bandyi,-18.34798195245,146.16941680400001,https://collection.aiatsis.gov.au/austlang/language/y130
1011,Y131,Yanga,Jangaa|Janggal|Janga:|Yangaa|Purkaburra,-19.085820790046,143.46548841761,https://collection.aiatsis.gov.au/austlang/language/y131
1012,Y132,Agwamin,Wamin|Ewamin|Wakamon|Wakara|Ak Waumin|Wommin|Waumin|Wawmin|Walamin|Wimanja|Egwamin|Gwamin|Walming|Wailoolo,-17.675669954614,144.16680574351,https://collection.aiatsis.gov.au/austlang/language/y132
1013,Y132.1,Wamin,"",-18.781422577031,144.14119732349999,https://collection.aiatsis.gov.au/austlang/language/y132.1
1014,Y133,Warrungu,Warungu|Gugu Badhun|Gudjal|Guridjal|Kokopatun|Kutjala|Bara Warrialgona|Kuritjal|Warrialgona,-18.034036734305001,145.23973205838001,https://collection.aiatsis.gov.au/austlang/language/y133
1015,Y134,Warrgamay,Wargamay|Wargamaygan|Bandjin|Warakamai|Bungabara|Herbert River tribe|Ieklbara|Waragamai|Waragumaigan|Waregamai|Warekumay|Warkama|Warkamai|Wargumay|Ikelbara,-18.43750867095,145.79793585959001,https://collection.aiatsis.gov.au/austlang/language/y134
1016,Y135,Wulgurukaba,Manbara|Nyawaygi|Korambelbara|Mun ba rah,-18.865013986954,146.64339430893,https://collection.aiatsis.gov.au/austlang/language/y135
1017,Y136,Mbarrumbathama,Lamalama|Lama Lama|Mba Rumbathama|Bakanambia|Wanbara|Lamu Lamu|Jeteneru|Badjam|Baganambia|Been gee warra|Funggufan|Koko Lama Lama|Kookoymma|Kulamak|Rimanggudinhma|Rumbatama|Rumbathama|Mba Rrumbathama,-14.881623859293,143.83428327831999,https://collection.aiatsis.gov.au/austlang/language/y136
1018,Y137,Bindaga,"",0,0,https://collection.aiatsis.gov.au/austlang/language/y137
1019,Y138,Ganganda,Baka|Banjigam|Baranguan|Barungguan|Barunguan|Entiga|Entjinga|Gan ganda|Jindgingga|Jindingga|Jintjingga|Njindingga|Umbindhamu|Umbuigamu|Yintjingga,0,0,https://collection.aiatsis.gov.au/austlang/language/y138
1020,Y139,Gunggarbara,"",0,0,https://collection.aiatsis.gov.au/austlang/language/y139
1021,Y14,Yangathimri,Tjungundji|Tjongkandji|Chinganji|Chongandji|Chunkunji|Djonggandji|Joongoonjie|Joonkoonjee|Ngucrand|Tjongangi|Tyongandyi|Tjunguntji|Chin ganji,-12.019926113023001,141.87114798510001,https://collection.aiatsis.gov.au/austlang/language/y14
1022,Y141,Madhirdirl,"",0,0,https://collection.aiatsis.gov.au/austlang/language/y141
1023,Y142,Mbo'aru,"",0,0,https://collection.aiatsis.gov.au/austlang/language/y142
1024,Y144,Ug Windjila,Ugwindjila,0,0,https://collection.aiatsis.gov.au/austlang/language/y144
1025,Y145,Waigur,Aragu|Agwulgu,0,0,https://collection.aiatsis.gov.au/austlang/language/y145
1026,Y146,Walboram,"",0,0,https://collection.aiatsis.gov.au/austlang/language/y146
1027,Y147,Walmbarddha,Bakanambia|Banambia|Banambila|Buruman|Kokaoalamalma|Kokolamalama|Lamalama|Lamul lamul|Mug Ngambaram|Mukinna|Walmbar|Walmbardha|Walmbaria|Wambara|Wanbara|Yalnga bar,0,0,https://collection.aiatsis.gov.au/austlang/language/y147
1028,Y148,Wulbudjibur,"",0,0,https://collection.aiatsis.gov.au/austlang/language/y148
1029,Y149,Jabunbarra Jirrbal,Jirrbal|Dyabunbarra Dyirrbal,-17.804286992661,145.83996553892999,https://collection.aiatsis.gov.au/austlang/language/y149
1030,Y15,Teppathiggi,Taepadhighi|Tepiti|Debidi|Debidigh|Tepithiki|Teyepathiggi|Teepani,-12.076686624177,142.072708743740009,https://collection.aiatsis.gov.au/austlang/language/y15
1031,Y150,Walmalbarra,"",-18.058996067778001,145.99557921133999,https://collection.aiatsis.gov.au/austlang/language/y150
1032,Y151,Jirribarra Mamu,Dyirbal|Mamu|Dyiribara|Djirribarra|Djiribara,-17.612271165573,146.051440675510008,https://collection.aiatsis.gov.au/austlang/language/y151
1033,Y152,Gambilbarra Jirrbal,Gambilbarra Dyirrbal |Tablelands Jirrbal,-17.680534902205,145.38980732493999,https://collection.aiatsis.gov.au/austlang/language/y152
1034,Y153,Buluguyban,Bulugujban,-18.708380642602,146.56242311527001,https://collection.aiatsis.gov.au/austlang/language/y153
1035,Y154,Mulgu,"",-18.734102168312,146.62250127890999,https://collection.aiatsis.gov.au/austlang/language/y154
1036,Y155,Coonambella,"",-19.265119283437,146.81786611083999,https://collection.aiatsis.gov.au/austlang/language/y155
1037,Y156,Marrett River language,"",-14.393619792306,144.17419635005999,https://collection.aiatsis.gov.au/austlang/language/y156
1038,Y157,Mbarmburmu,"",0,0,https://collection.aiatsis.gov.au/austlang/language/y157
1039,Y158,China Camp,"",-16.047492802368001,145.29945831264001,https://collection.aiatsis.gov.au/austlang/language/y158
1040,Y159,Gugu Dyilin,Gugu Djilin|Gugu-Buyun|Gugu Dyilin,0,0,https://collection.aiatsis.gov.au/austlang/language/y159
1041,Y16,Ngadhugudi,Athokurra|Nathokudi|uthukuti|Ngathokadi|Ngathokudi|Uthukuti|Unthkuti,-12.078376776180001,142.34861195400001,https://collection.aiatsis.gov.au/austlang/language/y16
1042,Y160,Guluy,Dyaabugay,-16.935237198007,145.44656427629999,https://collection.aiatsis.gov.au/austlang/language/y160
1043,Y161,Kuku Jakandji,"",-16.649676048725,145.21066410009001,https://collection.aiatsis.gov.au/austlang/language/y161
1044,Y162,Nyagali,Njagali|Dyaabugay|Tjapukai|Tjapukandji|Tja:pukanja|Tjabogai tjandji|Tjabogai tjanji|Tcabogai tjanji|Toabogai tjani|Tjabogaijanji|Dyabugandyi|Dyabugay|Tapelcay|Tuffelcey|Koko njunkulu|Koko nyungalo|Koko Tjumbundji|Hileman|Njakali|Nyakali|Barron River dialect|Binggu,-16.548251677503,145.45232337633999,https://collection.aiatsis.gov.au/austlang/language/y162
1045,Y163,Kuku Yalaja,Kuku Yelandji,-16.120929465587,144.54319897348,https://collection.aiatsis.gov.au/austlang/language/y163
1046,Y164,Wulbura,"",0,0,https://collection.aiatsis.gov.au/austlang/language/y164
1047,Y165,Wanyurr,"",0,0,https://collection.aiatsis.gov.au/austlang/language/y165
1048,Y167,Dhalundhirr,dhalun dhirr with the sea,-15.253827577513,145.28010348882,https://collection.aiatsis.gov.au/austlang/language/y167
1049,Y168,Waguurrga,Waguurr ga of the outside,-15.113273970809,144.92456314953,https://collection.aiatsis.gov.au/austlang/language/y168
1050,Y169,Kuuku I'yu,Guugu Iyu|Kuuku Iiyu|Kuuku Iyu,-12.188160810057,142.87967121538,https://collection.aiatsis.gov.au/austlang/language/y169
1051,Y17,Itinadyana,Mpalitjanh|Atjinuri|Adjinadi|Adjinuri|Etanyanu|Imatjana|Indjinadjana|Itinadjana|Itinadyana|Itinadyand|Nedgulada|Ulwadjana|Ulwawadjana|Inadjana|Adyinuri|Idj-Inadjana,-12.126340021118,142.65390359516999,https://collection.aiatsis.gov.au/austlang/language/y17
1052,Y170,Kuuku Yani,Kuuku yani|Barunguan|Yindyingga|Guugu Yani|Kuuku Yini|Kuuku Yin|Kuuku Yin(i),-13.92162846506,143.43149615227,https://collection.aiatsis.gov.au/austlang/language/y170
1053,Y171,Ogh Igadj,"",-16.402550903482,142.15742094916001,https://collection.aiatsis.gov.au/austlang/language/y171
1054,Y172,Wik Iyanh,Kugu/Wik Iyanh|Wik Iiyanh|Wik Iyanja|Wikianji|Wik Iiyanyi|Wik Iiyeny|Wikianyi|Wik Iyena|Wik Iiyenj |Wik Iiyanji |Mungkanhu,-14.429895365243,141.93747039672999,https://collection.aiatsis.gov.au/austlang/language/y172
1055,Y173,Wik-keyangan,Wik Keyenganh|Wik Kayngan,-14.189513726544,141.90544162365001,https://collection.aiatsis.gov.au/austlang/language/y173
1056,Y174,Kugu Mangk,Kugu/Wik Mangk|Kuku Mangk|Kugu Yianh|Yian|Kuuk Mangka|Yirr Maqa,0,0,https://collection.aiatsis.gov.au/austlang/language/y174
1057,Y175,Kugu Ugbanh,Kugu/Wik Ugbanh|Kuku Ugbanh,-14.507990345832,141.63466440439001,https://collection.aiatsis.gov.au/austlang/language/y175
1058,Y176,Kugu Uwanh,Kugu/Wik Uwanh|Kuku Uwanh|Gugu Uwanh,-14.558867180771,141.6512973211,https://collection.aiatsis.gov.au/austlang/language/y176
1059,Y178,Kugu Yi'anh,Kugu Yianh|Kugu/Wik Yianh,-14.486698904758,141.65491206044001,https://collection.aiatsis.gov.au/austlang/language/y178
1060,Y179,Wantjika,"",0,0,https://collection.aiatsis.gov.au/austlang/language/y179
1061,Y18,Ulwawadjana,Ebawudjena|Atjinuri|Adjinadi|Itinadjana|Itinadyana|Itinadyand|Nedgulada|Imatjana|Ulwadjana,0,0,https://collection.aiatsis.gov.au/austlang/language/y18
1062,Y180,Nhawalgaba,Gabilgara,-19.235267707586,146.78905128907999,https://collection.aiatsis.gov.au/austlang/language/y180
1063,Y181,Western Ayapathu,"",0,0,https://collection.aiatsis.gov.au/austlang/language/y181
1064,Y183,Atampaya,Anggamudi|Ankamuti|Bawtjathi|Lotiga|Nggamadi|Uradhi|Utangikwathiya|Utudhanamu|Atambaya|Atambayag,-11.584849294384,142.32873003712001,https://collection.aiatsis.gov.au/austlang/language/y183
1065,Y184,Uradhi,Anggamudi|Ankamuti|Atampaya|Bawtjathi|Lotiga|Nggamadi|Utangikwathiya|Utudhanamu,-11.890596380931,142.15906978814999,https://collection.aiatsis.gov.au/austlang/language/y184
1066,Y185,Awngthim,Mamngayt|Mamngayth|Winduwinda|Mamangathi|Mamangiti|Mamngaid,-12.711537418648,141.82128787861001,https://collection.aiatsis.gov.au/austlang/language/y185
1067,Y186,Mpakwithi,"",-12.284022164349,141.93317052293,https://collection.aiatsis.gov.au/austlang/language/y186
1068,Y187,Mutyanthi,Mutjati|Mutyati,-11.916541529331,142.78673373186999,https://collection.aiatsis.gov.au/austlang/language/y187
1069,Y188,Kokiny,Kokinj,-16.475660562145,141.58593652978999,https://collection.aiatsis.gov.au/austlang/language/y188
1070,Y19,Yuputhimri,Yupangathi|Nggerikudi|Yupungati|Jupangati|Angadimi|Angutimi|Ba:tyana|Batjana|Gametty|Gamite|Jopngadi|Jupngit|Mbatyana|Ngerikudi|Nggirikudi|Niggerikudi|Ra:kudi|Wimaranga|Wimarangga|Wimarango|Wimmarango|Yopngadi|Yupangati|Yupnget|Yupngit|Yupungatti|Yuupngati|Nggerigudi|Yupngayth|Yupun gatti|Nigger ikudi,-12.153510460909,141.79462209227,https://collection.aiatsis.gov.au/austlang/language/y19
1071,Y190,Yumukuntyi,"",-10.914941191676,142.46475840009001,https://collection.aiatsis.gov.au/austlang/language/y190
1072,Y191,Gudang,Uradhi,-10.867276299764,142.58789074767,https://collection.aiatsis.gov.au/austlang/language/y191
1073,Y192,Andooyomo,"",-10.938013975988,142.60727846333,https://collection.aiatsis.gov.au/austlang/language/y192
1074,Y193,Uyungkuthi,"",-12.083564115808,142.65569841319001,https://collection.aiatsis.gov.au/austlang/language/y193
1075,Y194,Utyangikwathiya,"",-11.892225785948,142.47211045581,https://collection.aiatsis.gov.au/austlang/language/y194
1076,Y195,Rimanggudinhma,Rimang Gudinhma|Rima nggudininhma|Mbariman Gudhinma|Barimangudinma|Port Stewart Lamalama|Parimankutinma,-14.486837942064,143.78250985892001,https://collection.aiatsis.gov.au/austlang/language/y195
1077,Y197,Ogh Angkula,"",0,0,https://collection.aiatsis.gov.au/austlang/language/y197
1078,Y198,Ogh Ikarranggal,Ikarranggal|Aghu Tharnggalu|Ikarranggali,-14.633398605782,143.94188226557,https://collection.aiatsis.gov.au/austlang/language/y198
1079,Y199,Ogh Alungul,Koko Possum/Alngula,-14.680814632363,144.07633134193,https://collection.aiatsis.gov.au/austlang/language/y199
1080,Y2,Kalaw Kawaw Ya,Kalaw Kawaw Ya/Kalaw Lagaw Ya|Kala Lagaw Ya|Gudang|Kaurareg|Moait|Moalaig|Bo:gu|Buglial|Bulgai|Dauan Saibai|Kowrarega|Karualaig|Dauan|Boigu|Saibai,-9.352026425921,142.47880691239999,https://collection.aiatsis.gov.au/austlang/language/y2
1081,Y20,Anguthimri,Adumakwithi|Baatjana|Bakwithi|Bwinitanikwithi|Jupangati|Lwipanadjini|Wimaranga|Anggadimi|Angudimi|Angutimi|Gautundi|Mbadjana|Mbahjana|Mbakudi|Mbugudi|Mpakwithi|Rakudi|Yupngayth|Awngthim|Yuupngati|Yupangati|Yupungati|Yupnget|Yupun gatti|Yopngadi|Nggerikudi|Nggirikudi|Ngerikudi|Nigger ikudi|Ra:kudi|Angadimi|Batjana|Mbatyana|Ba:tyana|Wimarangga|Wimarango|Wimmarango,-12.377732483631,141.83609416592,https://collection.aiatsis.gov.au/austlang/language/y20
1082,Y200,Kuuk Yak,Yak|Kuuku Yak|Koko Yak,-14.877183523042,141.73156528320001,https://collection.aiatsis.gov.au/austlang/language/y200
1083,Y201,Ogh Awarrangg,Kawarrang|Okawarrangg|Kawarrang;|Kawarangg,-16.073082509496999,143.0043794835800099,https://collection.aiatsis.gov.au/austlang/language/y201
1084,Y202,Ndrangith,Ndrrangith,0,0,https://collection.aiatsis.gov.au/austlang/language/y202
1085,Y203,Koko Babangk,Kok Peponk,-15.81580944318,141.48341977289999,https://collection.aiatsis.gov.au/austlang/language/y203
1086,Y204,Koko Beberam,"",0,0,https://collection.aiatsis.gov.au/austlang/language/y204
1087,Y205,Ndwa'ngith,Ndwangith,0,0,https://collection.aiatsis.gov.au/austlang/language/y205
1088,Y206,Ogh Undjan,Kunjen|Okunjan,-16.265658715327,142.39175654555001,https://collection.aiatsis.gov.au/austlang/language/y206
1089,Y207,Uw El,"",-15.145513895239,141.82820776778999,https://collection.aiatsis.gov.au/austlang/language/y207
1090,Y208,Uw Olem,Agu Adhal; Tommyhawk Language,0,0,https://collection.aiatsis.gov.au/austlang/language/y208
1091,Y209,Kok Wap,"",-15.395141978462,141.72354174417001,https://collection.aiatsis.gov.au/austlang/language/y209
1092,Y21,Nyuwathayi,Njuwadhai|Luthigh|Njuwathai|Totj|Nyowathayi,-12.408910003824,142.31316818756,https://collection.aiatsis.gov.au/austlang/language/y21
1093,Y210,Kirka,"",-14.931001240529,141.66574729058999,https://collection.aiatsis.gov.au/austlang/language/y210
1094,Y221,Di:ru,"",0,0,https://collection.aiatsis.gov.au/austlang/language/y221
1095,Y211,Uutaalnganu,Kawadji|Pontunj|Yankonyu|Uwtalngan|Night Island language,-13.099027810554,143.34060530771001,https://collection.aiatsis.gov.au/austlang/language/y211
1096,Y212,Thayem,Thaayem|Tayem,0,0,https://collection.aiatsis.gov.au/austlang/language/y212
1097,Y213,Ungan,"",0,0,https://collection.aiatsis.gov.au/austlang/language/y213
1098,Y214,Yirrk Thangalkl,Yirr|k|Mel|Dangedl|Yir Yoront Yirr Thangell|Yir Yoront name for Yiirk Thangalkl|Kok Wap|Yirr Mel|Yirrk Mel|Kok Cel,-15.301274149807,141.61694025256,https://collection.aiatsis.gov.au/austlang/language/y214
1099,Y215,Kuuk Thaayunth,Thayunth|Thaayunth|Tayunt,-14.952619015444,141.64616667751,https://collection.aiatsis.gov.au/austlang/language/y215
1100,Y216,Ngaygungu,Warungu,-17.385312331156,145.37585490856,https://collection.aiatsis.gov.au/austlang/language/y216
1101,Y217,Koko-koko,Koko Koko,0,0,https://collection.aiatsis.gov.au/austlang/language/y217
1102,Y218,Cleveland Bay,Wulgurukaba|Manbara|Nawagi|Warakamai,-19.293468411882,146.86476461904999,https://collection.aiatsis.gov.au/austlang/language/y218
1103,Y219,Alodja,Aghu Alowrdja,-15.678742062756,144.82557537442,https://collection.aiatsis.gov.au/austlang/language/y219
1104,Y22,Kuuku Ya'u,Kuuku Yau|Kuuku yau|Pakadji|Gugu Yau|Guugu YauBagadji|Jao|Kao Kokoyao|Koka yao|Koko Ya:o|KokoYao|Koko yao|Kuku Yau|Kuku Yao|Kuuk Yak|Makadama|Yao|Koko Yao,-12.541741200854,143.033874013390005,https://collection.aiatsis.gov.au/austlang/language/y22
1105,Y220,Biyay,giri|Warrgamay,-18.577498090678,146.23530494533,https://collection.aiatsis.gov.au/austlang/language/y220
1106,Y223,Kokoberrin,Koko Berang,0,0,https://collection.aiatsis.gov.au/austlang/language/y223
1107,Y224,Kugu Mu'inh,Kugu Muinh|Kugu/Wik Muinh|Kuku Muinh|Wik Muin,-14.647499538351,141.63978294052001,https://collection.aiatsis.gov.au/austlang/language/y224
1108,Y226,Wudjar,"",0,0,https://collection.aiatsis.gov.au/austlang/language/y226
1109,Y227,Daru,"",0,0,https://collection.aiatsis.gov.au/austlang/language/y227
1110,Y228,Ithu,Wurkuldi,0,0,https://collection.aiatsis.gov.au/austlang/language/y228
1111,Y229,Adithinngithigh,Adetingiti,-12.924228508861,141.71138792708999,https://collection.aiatsis.gov.au/austlang/language/y229
1112,Y23,Wimaranga,Wimarangga|Jupangati|Yuupngati|Yupangati|Yupungati|Yupnget|Yupun gatti|Yopngadi|Nggerikudi|Nggirikudi|Ngerikudi|Nigger ikudi|Ra:kudi|Angadimi|Angutimi|Batjana|Mbatyana|Ba:tyana|Wimarango|Wimmarango,-12.379877148501,141.68674063374999,https://collection.aiatsis.gov.au/austlang/language/y23
1113,Y230,Muragan,Kunjen|Gugu Nyungkul|Kawarrangg|Laia|Ngundjan|Okunjan|Olkolo|Oykangand,0,0,https://collection.aiatsis.gov.au/austlang/language/y230
1114,Y231,Yaraytyana,Yaraydjana,-11.09182069869,142.70568505621,https://collection.aiatsis.gov.au/austlang/language/y231
1115,Y232,Yatay,"",-10.683089390777,142.62409194796001,https://collection.aiatsis.gov.au/austlang/language/y232
1116,Y233,Wakaman,Kuku,-17.210451963086,144.59842283540999,https://collection.aiatsis.gov.au/austlang/language/y233
1117,Y235,Dulgubarra Mamu,"",0,0,https://collection.aiatsis.gov.au/austlang/language/y235
1118,Y236,Yintyingka,"",0,0,https://collection.aiatsis.gov.au/austlang/language/y236
1119,Y237,Athina,"",0,0,https://collection.aiatsis.gov.au/austlang/language/y237
1120,Y238,Injinoo Ikya,"",0,0,https://collection.aiatsis.gov.au/austlang/language/y238
1121,Y239,Mabuyag,"",0,0,https://collection.aiatsis.gov.au/austlang/language/y239
1122,Y24,Thaynakwith,Thyanngayth|Tainiguit|Tanikuiti|Taynakwit|Thanaquith|Tjanngayth|Dainguid|Winduwinda|Tyanngayt|Tjanggayth|Tainikudi|Tani kutti|Dainiguid|Tanna gootee,-12.558152841278,141.93242788708,https://collection.aiatsis.gov.au/austlang/language/y24
1123,Y25,Mpalitjanh,Uradhi|Atjinuri|Mbalidjan|Mpalitjan|Mpalityan|Mpalityanh|Winduwinda|Windawinda|Ngwatainggeti|Wikwija|Ndomdorin,-12.102329913662,142.27815669647001,https://collection.aiatsis.gov.au/austlang/language/y25
1124,Y26,Linngithigh,Leningitij|Winda Winda|Linginiti|Adetingiti|Andyinit|Ndraangit|Cabati|Ladamngid|Latangeti|Latarngit|Leiningidi|Leningiti|Lenngeti|Lenngidgh|Lingitir|Linngithig|Linngiti|Onnatangnit|Umngnity|Winduwinda|Laini ngitti|not the same as Lengiti of Weipa|Leningit,-13.172965673585,141.82185453195001,https://collection.aiatsis.gov.au/austlang/language/y26
1125,Y27,Ntrwa'ngayth,Ntraangith|Winda Winda|Ndraangit|Adetingiti|Andyinit|Linginiti|Ndrangith|Nrwaa|Tjanngayth|Mamngayt|Nraangith|Winduwinda|Ntrangith,-13.100726832048,141.63812492227001,https://collection.aiatsis.gov.au/austlang/language/y27
1126,Y28,Ungawangadi,Ngaawangati|Ungauwangati|Nguatangeti|Oamrokoro|Winduwinda|Ngwatangeti|Ngawataingeti,-12.649108580091,142.062319240160008,https://collection.aiatsis.gov.au/austlang/language/y28
1127,Y29,Yinwum,Uradhi|Ginwum|Jinwum|Tinwum|Yeemwoon|Jinwun|Yeemwoom,-12.700409741385,142.72457265489001,https://collection.aiatsis.gov.au/austlang/language/y29
1128,Y3,Meriam Mir,East Torres|Miriam|Meryam Mir|Meriam|Boigu|Buibatyalli|Errob|Erub|Garamir|Gaurareg|Maer|Maralaig|Mer|Meryam|Morolag|Sabai|Saibai|Tagota|Ugar,-9.683089797572,143.77542511209001,https://collection.aiatsis.gov.au/austlang/language/y3
1129,Y30,Ladamngid,Latamngit|Winduwinda|Latumngith,-12.883088067644,141.83298206635999,https://collection.aiatsis.gov.au/austlang/language/y30
1130,Y31,Mamangathi,Awngthim|Mamngaid|Mamangidigh|Mbalidjan|Ndorndorin|Ngwatainggeti|Wikwija|Winduwinda|Angutimi,-12.55515981019,141.98662157307999,https://collection.aiatsis.gov.au/austlang/language/y31
1131,Y32,Alngith,Alingid|Alngid|Alingit|Laynngith|Winduwinda|Lengiti|Lenngiti|Limrett,-12.643632525571,141.92671899576001,https://collection.aiatsis.gov.au/austlang/language/y32
1132,Y33,Gudjandju,Bondynj|Dhambanju|Jalndhalm|Koko Maln gan|Maln gan,0,0,https://collection.aiatsis.gov.au/austlang/language/y33
1133,Y34,Aritinngithigh,Aritinngayth|Uradhi|Aritinngithig|Aretingit|Aritingiti|Adetingiti,-12.951840977869,141.93320168013,https://collection.aiatsis.gov.au/austlang/language/y34
1134,Y36,Ngkoth,Ngkoth dialects|Uradhi|Nggod|Nggoth|Ngkot|Ngor|Ngot|Nkot|Winduwinda|Gott,-12.827602221663,142.05213219769999,https://collection.aiatsis.gov.au/austlang/language/y36
1135,Y37,Trotj,Tootj|Kauwala|Luthigh|Totj|Njuwathai|Do:dj|T?|tj,-12.750937771973,142.4058506877,https://collection.aiatsis.gov.au/austlang/language/y37
1136,Y38,Yanganyu,Gawadji|Jangkonju|Kawadji|Mälnkänidji|Night Island people|Pontunj|Pontyni|Yankanju|Yankonya|Yankonyu|Yanggondju|Yankonyu for Pontunj|Night Island people for Kawadji,0,0,https://collection.aiatsis.gov.au/austlang/language/y38
1137,Y39,Ntra'ngith,Ntrwangayth|Andaangeti|Andrendjandring|Awngthim|Ndraangid|Ndwangid|Nraangayt|Nraangith|Ntrawngayt|Winduwinda|Drwaangathi|Ndwongit,-12.502099930087,142.10932171201,https://collection.aiatsis.gov.au/austlang/language/y39
1138,Y4,Kulkalgaw Ya,Masig|Tutu|Jam|Yam,-9.941779926779,143.039439922510013,https://collection.aiatsis.gov.au/austlang/language/y4
1139,Y40,Ndorndorin,Winduwinda|Windawinda|Ngwatainggeti|Wikwija|Mbalidjan|Ndomdorin,0,0,https://collection.aiatsis.gov.au/austlang/language/y40
1140,Y41,Mbiywom,Mbiywom|Uradhi|Mbewum|KokMbewam|Kok Mbewam|KokMbewan|Mbe:wum|M Berwum|Bywoom|Kokinno|Kokimoh|Mbeiwum,-12.968260083714,142.17040555558,https://collection.aiatsis.gov.au/austlang/language/y41
1141,Y42,Andjingith,Anjingid|Andjingid|Andjingith |Adyingid ,0,0,https://collection.aiatsis.gov.au/austlang/language/y42
1142,Y43,Kugu Muminh,Wik Muminh|Kugu/Wik Nganhcara|Kuku Muminh|Mumin|WikMuminh,-14.420627894081,141.65098626408999,https://collection.aiatsis.gov.au/austlang/language/y43
1143,Y44,Kaanju / Kaantju,Cape York Peninsula Languages|etc|Kanju|Kandju|Andjingid|Andyingid|Anjungitie|Candju|Gaanydyu|Gandanju|GandjuIo|Iju|Jaalo|Jabuda|Ka:antju|Ka:ndyu|Kaantyu|Kamdheu|Kamdhue|Kandyi|Kandyu|Kantanyu|Kantju|Kantyu|Kanyu|Karndheu|Karnju|Karntju|Karnu|Karnyu|Kokin oh|Ndhyrl|Neegulada|Wijamo|Yaldiye ho|Ka ntyu|Gaandju|Kaanytju|Ka:ntju|Gandju,-13.398096294576,142.97198330982999,https://collection.aiatsis.gov.au/austlang/language/y44
1144,Y45,Umpila,Cape York Peninsula Languages|Ompela|Djindjanagu|Djundjanagu|Koko umpilo|Ombila|Ompeila|Oombilla|Umbila|Umpile|Umpilo|umpila|Oom billa,-13.64420087024,143.43143574800999,https://collection.aiatsis.gov.au/austlang/language/y45
1145,Y46,Wik Adinda,Wik|Wikatinda|Wik Ompom|Wikampama|Wik Kalkan|Wik Ngathara|Wik Epa|Wikepa|Wik Meanha|Wikmean|Wiknatanja|Mimungkum|Wik Mungkana|Wiknantjara|Adinda|Atinda|Ia:d|Wik Tinda|Wik Atinda,-13.492805339628,141.61080813005,https://collection.aiatsis.gov.au/austlang/language/y46
1146,Y47,Wik Paach,Wikapatja|Abodja|Wik Paacha|Wik-Paach,-13.345567028973,141.67326858011,https://collection.aiatsis.gov.au/austlang/language/y47
1147,Y48,Wik Ompom,Wik|Wik Ompom/Wikampama|Wikatinda|Wikampama|Wik Kalkan|Wik Ngathara|Wik Epa|Wikepa|Wik Meanha|Wikmean|Wiknatanja|Mimungkum|Wik Mungkana|Wiknantjara|Aiakampana|Ambama|Ampana Gambana|Kokala|Kokiala|Kookealla|Omban|Wik ompmam|Wik Ompon|Wik Ompoma,-13.344189185744,142.086325170799995,https://collection.aiatsis.gov.au/austlang/language/y48
1148,Y49,Wik Elken,wikalkan|Wik|Wik Kalkan|Wikatinda|Wik Ompom|Wikampama|Wik Ngathara|Wik Epa|Wikepa|Wik Meanha|Wikmean|Wiknatanja|Mimungkum|Wik Mungkana|Wiknantjara|Galban|Algan|Wik kalkan|Wik Alkanha|Wik ngatara|Wik Alkan|Wik kalkin|Wik natara|Ngadara,-13.717382138225,141.59952021128001,https://collection.aiatsis.gov.au/austlang/language/y49
1149,Y5,Kawalgaw Ya,Muralag|Kaurareg|Kaurarega|Kowrarega|Kauralaig|Kauraleg|Koro rega|Korariga|Kauralaigal|Malulaig|Muralug|Wathai yunu|Kokkaiya|Alkaiyana|Koiyana,-10.643285260301,142.21428553311,https://collection.aiatsis.gov.au/austlang/language/y5
1150,Y50,Umpithamu,Umbindhamu|Jeteneru|Ompindamo|Arummarbin|Dyrlwai|Janggulmbal|Janggurunggu|Yintjinggu|Barungguan|Umpinthamu|Barunguan|Baka|Banjigam|Jintjingga|Yintjingga|Njindingga|Umbuigamu|Ganganda,-14.035568345802,143.44885428750001,https://collection.aiatsis.gov.au/austlang/language/y50
1151,Y51,Wik Ngatharr,Wik Alken|Wikalkan|Wik Ngatharra|Wik|Wik Ngathara|Wikatinda|Wik Ompom|Wikampama|Wik Kalkan|Wik Epa|Wikepa|Wik Meanha|Wikmean|Wiknatanja|Mimungkum|Wik Mungkana|Wiknantjara|Algan|Alkan|Charra|Galan|Kalkin|Natara|Ngadaara|Ngadara|Wik Älkän|WikNgadara|Wik algan|Wik kalkan|Wik kalkin|Wik nätara|Wik ngatara|Wikkolon|Wikngatara|Wooli|Wik Ngathar|Wik Ngatara|Wik Alkanha|Wik Alkan|Wik natara,-13.753871964313,141.60793418987001,https://collection.aiatsis.gov.au/austlang/language/y51
1152,Y52,Wik Epa,Wik Ep|Wik Iit|Wik|Wik Epa/Wikepa|Wikatinda|Wik Ompom|Wikampama|Wik Kalkan|Wik Ngathara|Wikepa|Wik Meanha|Wikmean|Wiknatanja|Mimungkum|Wik Mungkana|Wiknantjara|Eba|Epa|Eppe|Wikep|Wik Ep Wik Eppa|Wikeppe|WikMeAnh|Wik Iita|Wik Eppa,-13.895443596467,141.78876612047,https://collection.aiatsis.gov.au/austlang/language/y52
1153,Y53,Wik Me'anh,Wik Menh|Wik Meanha|Wik|Wik Meanha/Wikmean|Wikatinda|Wik Ompom|Wikampama|Wik Kalkan|Wik Ngathara|Wik Epa|Wikepa|Wikmean|Wiknatanja|Mimungkum|Wik Mungkana|Wiknantjara|Meian|Mejan|WikMeana|Wik Muinh|Wik Me enh|WikMeAnh|Wik Mean|Wik Meanh|none,-14.011775495896,141.92781744920001,https://collection.aiatsis.gov.au/austlang/language/y53
1154,Y54,Wik Ngathan,Wik linjtjenj|Ngaduna|Wik ngatona|Wik Iinychanya,-14.06433130698,141.64786886677001,https://collection.aiatsis.gov.au/austlang/language/y54
1155,Y55,Morrobolam,Morroba Lama|Umbuygamu|Kuuku yani|Barunguan|Yindyingga|Ajarumbal|Aradal|Bungkol|Burlngulu|Juwinbadha|Barungguan|Umpuykumu|Umbuykamu|Baka|Banjigam|Jintjingga|Yintjingga|Njindingga|Umbuigamu|Umbindhamu|Ganganda,-14.251907119434,143.53495959809999,https://collection.aiatsis.gov.au/austlang/language/y55
1156,Y56,Wik Ngathanya,Wik Ngathana|Wik|Wiknatanja|Wikatinda|Wik Ompom|Wikampama|Wik Kalkan|Wik Ngathara|Wik Epa|Wikepa|Wik Meanha|Wikmean|Mimungkum|Wik Mungkana|Wiknantjara|Natanya|Ngadanja|Wig Ngadhan|Wikngatan|Wik Natan|Wik Ngartona|Wik ngatona,0,0,https://collection.aiatsis.gov.au/austlang/language/y56
1157,Y57,Wik Mungkan,Wik Mungknh|Wik Munkan|Wik|Mimungkum/Wik Mungkana|Wikatinda|Wik Ompom|Wikampama|Wik Kalkan|Wik Ngathara|Wik Epa|Wikepa|Wik Meanha|Wikmean|Wiknatanja|Mimungkum|Wik Mungkana|Wiknantjara|Anja|Ayan|Badjimu|Monkanu|Mugola|Munggan|Munggano|Mungkan|Munkan|Munkanj|Munkanu|WikHungkan|Wik Mongkan|Wik Monkan|Wik Mongken|Wik Munggan|Wik Mungkanh|Wik Mungken|Wika Munkan|Wikmungkan|Wikmungken|Wikmunkan|Woran am|Wik Mungknh hill|Munggan (Wik-),-13.722681824321,142.32625499439999,https://collection.aiatsis.gov.au/austlang/language/y57
1158,Y59,Kugu Nganhcara,Kugu/Wik Nganhcara|Wikngenchera|Wik Ngandjara|Ngandjara|Wik|Wiknantjara|Wikatinda|Wik Ompom|Wikampama|Wik Kalkan|Wik Ngathara|Wik Epa|Wikepa|Wik Meanha|Wikmean|Wiknatanja|Mimungkum|Wik Mungkana|Nantjara|Ngantjeri|Wik nantjara|Wik Natjerra|Wik Ngencherra|Wik Nganhcara|Wik Ngantjera|Wiknantyara|Kugu Nganychara,-14.489781028133,141.7921889157,https://collection.aiatsis.gov.au/austlang/language/y59
1159,Y6,Djagaraga,Yadhaigana|Gumakudin|Jadaikana|Ynduyamu|Yaraidyana|Yathaikeno|Dyagaraga|Yagulle|Gudang|Alauian|Unduamo|Undooyamo|Kekosino|Kekoseno|Kokiliga,-10.816265909483,142.52034159077999,https://collection.aiatsis.gov.au/austlang/language/y6
1160,Y60,Ayapathu,Ayabadhu|Abadja|Ai ebadu|Aiabadu|Aiyabotho|Aiyaboto|Ajabadha|Ajabatha|Ajibyrdu|Apatya|Badja|Baldya|Balfja|Jabuda|Kikahiabilo|Koka Ai ebadu|Koka aiebadu|Koko Aiebadu|Koko Badja|Koko Baldya|Koko Baltja|Aiebadu,-14.418513875449,143.23992472674001,https://collection.aiatsis.gov.au/austlang/language/y60
1161,Y61,Flinders Island (retired),Oko Wurriima|Flinders Island|Mutumui|Walmbaria|Itu|Ambydher|Kokomiabilo|Mairughan|Manpirlmung wa|Mbambylmu|Mbyrlmurl|Miabilo|Pipon Island|Wurima|Walmbar|Yalnga bar,-14.275587766419,144.38891558611999,https://collection.aiatsis.gov.au/austlang/language/y61
1162,Y62,Ama Ambilmungu,Gambilmugu,0,0,https://collection.aiatsis.gov.au/austlang/language/y62
1163,Y63,Jugaiwadha,Ju'gaiwadha,0,0,https://collection.aiatsis.gov.au/austlang/language/y63
1164,Y63.1,Barrow Point,Barrow Point language|Mutumui|Itu|Walmbaria|Basthom|Basthon|Baulam|Ebole|Eibole|Eipolin|Jugaiwatha|Karbungga|Mbambylmu|Mutumi|Njegudi|Ongwara|Mudumui,-14.475977159965,144.59443977456999,https://collection.aiatsis.gov.au/austlang/language/y63.1
1165,Y64,Pakanh,Bakanha|Ayabakan|u|Pakanha|Bakanh|Ajabakan|Ajabatha|Aiabakan|Aw Ayan|Baganu|Bakanu|Gugu Jan|Jan|Kokojan|Pakanhu|Yir Mayan|Uw Ayan,-14.591437067426,142.34773011747001,https://collection.aiatsis.gov.au/austlang/language/y64
1166,Y65,Aghu Tharnggala,Aghu Tharrnggala|Aghu Tharnggalu|Aghu|Agu Tarnggele|Aku Danggela|Darnggele|Darnggelle|Aghu Tharnggal|Aghu Tharnggalai,-14.922659058108,144.13583123805,https://collection.aiatsis.gov.au/austlang/language/y65
1167,Y66,Wurangung,Cocobathan|Jeteneru|Yadaneru|Ompindamo,-14.599940416283,143.56687742478999,https://collection.aiatsis.gov.au/austlang/language/y66
1168,Y67,Flinders Island language,Flinders Island language|Biyalgeyi|Aji,0,0,https://collection.aiatsis.gov.au/austlang/language/y67
1169,Y68,Baraban,Arlgandung,0,0,https://collection.aiatsis.gov.au/austlang/language/y68
1170,Y69,Kuuk Thaayorre,Kuuk Thayorre|Thayore|Thaayorre|Koko Daiyuri|Koko Taiyor|Taior|Bohran|Da:jor|Daiyuri|Dajor|Dayorr|Gugujak|Kokkotaijari|Koko|Koko Tayorre|Koko yak|Kokotaiyari|Kokotayor|Taiol|Taiyor|Tayor|Tayore|Tayorr|Thayarre|Thayorre|Ku k Thayori|Dha:yorre|Kuuk Thaayoore|Thaayore|Gugudayor|Kuktayor|Kukudayore|Behran|Thaayorr,-14.909010990228,141.78701479663999,https://collection.aiatsis.gov.au/austlang/language/y69
1171,Y7,Angkamuthi,Anggamudi|Ankamuti|Atampaya|Bawtjathi|Lotiga|Nggamadi|Uradhi|Utangikwathiya|Utudhanamu|Aheanjadiddie|Am kemti|Ambaigan|Amkomti|Andengu|Apukwe|Apukwi|Atambaia|Gamete|Gametty|Gamiti|Gamuthi|Gomokudin|Goomkadeen|Goomkoding|Jamagundji|Joonkoonjee|Jumagundji|Ng kamadji|Ngamiti|Ngammatta|Ngammatti|Nggamiti|Ngkamadyi|Oiyamkwi|Oiyankwi|Ondaima|Oujamkiri|Oyemukui|Um yawil|Yumakundji|Yumikundji|Ngam matta,-11.314463240555,142.29415815402999,https://collection.aiatsis.gov.au/austlang/language/y7
1172,Y70,Yuwula,Aj juwalnga|Galbawa|Juwula|Kalpawa|Kokangol|Koko Gol|Kookakolkoloa|Oco carnigal|Owonmunga,0,0,https://collection.aiatsis.gov.au/austlang/language/y70
1173,Y71,Gugu Rarmul,Koko Rarmul|Aburarm|Aghairu|Aku|Aku Rarmal|Almook|Almura|Alwangara|Anggul|Beengeewarra|Bindaga|Bindjiwara|Djauan|Fulgola|Gugu Almura|Gujudi|Hrahmul|Jawa|Jouon|Koko negodi|Kokojawa|Kokonjekodi|Kokorarmul Kokorarmul|Kokoyawa|Mara Rarmul|Me Aghairu|Milli|Ok Anggul|Radman|Ralman|Rarmul|Walwangai|Yoyah|Mara rarmul|Kokorarmul|AkuRarmul,-14.767501438225,144.10968386112,https://collection.aiatsis.gov.au/austlang/language/y71
1174,Y72,Yir Yoront,Yirr Yorront|Yirr Thutjim|Cape York Peninsula Languages|Jir Joront|Dangedl|Dhanuun|Djudjan|Dudjym|Gorminag|Gwandera|Jirjoront|JirJorond|Jir djudjam|Jir Jirond|Jirmel|Koka mungin|Koko manjoen|KokoMandjoen|Kokomindjan|Kokomindjen|KokoMindjin|Kokominjan|KokoMinjen|Mandjoen|Mel Jir|Millera|Mindjana|Mindjen|Mindjin|Mundjun|Mynduno|NgambaWandh|YirThangedl|Yir yiront|Yir Yorond|Yirmel|Yirtangettle|Yirtutiym|Kokomindjin|Kokomandjoen|Kokominjen|Kuuk Thawvnhon|Koko Minychéna|YirrqYorront|Yirrq Thuch|Kok Minychéna,-15.125737544726,141.71204702899999,https://collection.aiatsis.gov.au/austlang/language/y72
1175,Y73,Uw Olkola,Olgol|Cape York Peninsula Languages|Kunjen|Koko Olkol|Koko Olkolo|Olkol|Koko olkol|Olkulo|Koka ollugul|Ulkulu|Wulgulu|Olgolo|Olcoola,-15.347937544471,142.69864278021001,https://collection.aiatsis.gov.au/austlang/language/y73
1176,Y74,Gugu Yawa,Anggul|Fulgola|Ok Anggul|Jawa|Kokojawa|Possum Language|Agu Alwon|Kuku Yawa|Uw Anbu; Koogo yowa|Kuku Ulan|Koko Yawa|Djauan|Kokorarmul|Jouon|AkuRarmul|Bindaga,-15.380189880207,144.03137888225001,https://collection.aiatsis.gov.au/austlang/language/y74
1177,Y75,A'ragu,Aragu,0,0,https://collection.aiatsis.gov.au/austlang/language/y75
1178,Y76,Gwandera,"",0,0,https://collection.aiatsis.gov.au/austlang/language/y76
1179,Y78,Kuku Yalanji,Kuku Yalanji|Kuku Yalaja|Kuku Yelandji|Kuku yalanji|Djankun|Jungkurara|Kokojelandji|Kokokulunggur|Kokowalandja|Muluridji|Wakara|Wulpura|Booroorar|Cangoora|Chokonara|Cuegudira|Djiling|Gugu Jalandji|Gugu Yalandji|Gugu Yalanji|Gumbo|Gumbu|Jal:a|Jelanji|Jiling Juliacara|Junkara|Kokalungie|KokoJelandji|Koko Yerlandji|Koko yalanji|Koko yerlandji|Koko yerlandtji|Koko yerlantchi|Koko yerlantji|Kokolerlaatchi|Kokolunge|Kokoyellanji|Kooka alanji|Kuku Yalandji|Kyahara|Lerlantchi|Moorara|Nooroorarra|Tchoolooorara|Tondayara|Walparara|Yalampa|Yalandji|Yalandyi|Yallar|Yelandji|Yiling|Yoon koor ara|Yunkurara|Koko Jelandji|Kokoyerlantji|Kokolerlantchi|Gugu Yalandyi|Koko Katji,-16.497447852508,144.62937515350001,https://collection.aiatsis.gov.au/austlang/language/y78
1180,Y79,Guugu-nyiguudyi,Mun ba rah|Munbara|Nggodi|Njekodi|Ngegudi|Kokonjekodi|Koko negodi|Bindjiwara|Beengeewarra|Gugu Almura,-14.653637358038,144.78456897204001,https://collection.aiatsis.gov.au/austlang/language/y79
1181,Y8,Yadhaykenu,Yadhaigana|Djagaraga|Gumakudin|Jadaikana|Ynduyamu|Yaraidyana|Yathaikeno|Galaigan|Induyames|Induyamo|Jadhaigana|Jaraidjana|Jathaikana|Jathaikeno|Uathaikama|Unduyarm|Yadaigan|Yadaikanu|Yagulles|Yaldaigan|Yandigan|Yaraidyena|Yaraikana|Yaraikanna|Yaraikkanna|Yarakino|Yardaikan|Yardigan|Yarudolaiga|Yarudolaigas|Yathaikano|Yathaikana|Yadhaikana|Yäraidyana,-11.483775966647,142.72575158749001,https://collection.aiatsis.gov.au/austlang/language/y8
1182,Y80,Kuku-warra,"Kuku Wara|Gugu Warra|Kokowarra|Coo coo warra|Jaram|KokoWara|Koko wara|Koko Wara|Kookowara|""Lama Deighton Tribe""|Wara|Wijaram|Gugu Wara|Kokowara|Laia|Aghu Laia|Kookawarra|Coo oo warra|Gugu Warra; Laura Deighton tribe for Kokowara|Koko Laia|Coo coo warra for Laia",-15.09403240678,144.61226111230999,https://collection.aiatsis.gov.au/austlang/language/y80
1183,Y81,Kuku Walandja,Koko Walandja|Kuku yalanji|Kokowalandja|Djankun|Jungkurara|Kokojelandji|Kokokulunggur|Muluridji|Wakara|Wulpura|Gangawara|Kangawara|KokoWalandja|Koko katji|Pulponara|Wallandya|Koko Katji|Gugu Walandja,0,0,https://collection.aiatsis.gov.au/austlang/language/y81
1184,Y82,Guugu Yimidhirr,Guugu Yimidhirr|Guguyimidjir|Kokoimudji|Kokonjekodi|Balara|Boolcanara|Bullangi|Bulponara|Bulpoonarra|Djidjul|Emoji|Galai Garburnga|Gog yimidjir|Gogo Yimidjir|Gu|gu Yimidir|Gug Imudji|Gug timidir|Gugu yimidjir|I:du|Imudji|Ithu|Jidhu|Jimidir|Jimudji|Jungkurara|Junkara|Kalay|Karpungga|Karpurnka|Koko Dyungay|Koko Ialiu|Koko Ialunia|Koko Imudji|Koko Yimidjir|Koko aungu|Koko jimidir|Koko yimidir|Kokodjilandji|Kokojalanja|Kokojimoji|Kokoyalunyu|Kokoyimidir|Kookawanga|Kookoymma|Kookoyuma|Kuku Yimidyi|Tyrhal|Wiu|Wuriwatha|Wurkuldi|Yokarra|Yung Kurara|Yungkarara|YunguraraYimidir|Gugu Yimidhirr|Yimithirr|Koko Yimidir,-15.085217541197,144.94279460915001,https://collection.aiatsis.gov.au/austlang/language/y82
1185,Y83,Kunjen,Cape York Peninsula Languages|Kunjen|Gugu Nyungkul|Kawarrangg|Laia|Muragan|Ngundjan|Okunjan|Olkolo|Oykangand|Ayan|Gudjal|Gundjen|Gundjun|Ikan|Koonchulburra|Koonjan|Koonjen|Kundjen|Kuntjan|Kuritja:l|Kutabal|Kuthabal|Kutjal|Kwearriburra|Ogh Undyan|Ogondyan|Ogontjel|Okundjain|Okuntjel|Oyangant|Oggonjin|Kundjan|Koko Kuntjan|Kundjin|Kokoyan|Kunjin|Koko wansin,-15.723816026628,142.65433402528001,https://collection.aiatsis.gov.au/austlang/language/y83
1186,Y84,Kuku Thaypan,Thaypan|AghuLaia|AkuLaia|Ambaram|Angandjan|Arlga|Awurangung|BarimanCutinma|Bariman Cudhinma|Barimangudinma|Barinangndinma|Barinman Guthinma|Cocobathan|Coo coo warra|Daiban|Gugu Dhayban|Jadeneni|Jeteneru|Jetieneru|Koko Laia|Kokowara|Koogabatha|Kookoobathy|Kuku Taipan|Laia|Ompindamo|Owynggan|Parimankutinma|Parinman Gutinma|Purangunuma|Taipan|Taypan|Wurangung|Yadaneru|Yananeru|Dhayban|Wu Laya|Laya|Awu Alaya|Awu-Laya,-14.660317992231,143.91433886368,https://collection.aiatsis.gov.au/austlang/language/y84
1187,Y85,Koko Bera,Kok Kaber|Gugubera|Koko bera|Kokopera|Anavilla|Ba:bung|Babung|Badedj|Bera|Berang|Gogo Bera|Gonani:n|Goonamen|Goonamin|Goonamon|Goonanin|Gumani|Gunami|Gunani|Gunanni|Kok Per|Koko babung|Koko Pera|Koko Peryn|Kokopapun|Kokopapung|Konanin|Kukaberra|Kungkara|Nanna|Ninnggora|Paperyn|Papung|Peryn|Wab|Kokobera|Gugu Bera|Kok Kaper|Kongarrlh|Kok Kapér,-15.634918096202,141.62061855735001,https://collection.aiatsis.gov.au/austlang/language/y85
1188,Y86,Kuku Bididji,Kokobididji|Koko Bididji|Gugu Bididji|Kuku Bidiji|Kokobididyi|Kokobidinji|Gugu bidinji|Koko Piddaji,-15.748810427134,144.99732971191,https://collection.aiatsis.gov.au/austlang/language/y86
1189,Y87,Kuku Buyunji,Kuku Buyundji|Annan River tribe|Badadubil|Bujinjdji|Bujundji|Buyundji|Gugu bullanji|Gugubuyun|Koko Bujundji|Kokobujundji|Kokobulanji|Kokonyungal|Gugu Buyundji|Eastern Kuku Yalanji|Koko Buyundji,-16.219343481309,145.34247994328999,https://collection.aiatsis.gov.au/austlang/language/y87
1190,Y88,Banambila,Lamalama|Bakanambia|Jeteneru|Bunabila wara|Bunnabilara|Wanbara|Wambara|Kokolamalama|Lamul lamul|Kokaoalamalma|Mukinna|Banambia,0,0,https://collection.aiatsis.gov.au/austlang/language/y88
1191,Y89,Kuku Tungay,Kuku Dungay|Julngay|Tyulngai|Djulngui|Jungkurara|Kuku Tyunkay|Junkurara|Yungkarara|Junkara|Koko Dyungay|Yungurara|Yung Kurara|Koko aungu|Kokodjilandji|Kokojalanja|Kokoyalunyu|Koko Ialunia|Koko Ialiu|Bulponara|Bulpoonarra|Yokarra,-16.016659929745,145.34792156267,https://collection.aiatsis.gov.au/austlang/language/y89
1192,Y90,Kuku Nyungkul,Kuku Njungkul|Kuku Yalanji|Gugu Nyungkul,-15.750294371885,145.25132113345001,https://collection.aiatsis.gov.au/austlang/language/y90
1193,Y91,Gonaniin,Koko Bera|Konanin|Bera|Peryn|Wab|Gonani:n|Kokopera|Koko bera|Kukaberra|Kungkara|Goona nin|Gunani|Gunanni|Goonamin|Goonamon|Koko papung|Kokopapun|Ba:bung,0,0,https://collection.aiatsis.gov.au/austlang/language/y91
1194,Y92,Kuku Yanyu,Ialiu|Janju|Kokojanju|Kokoyalyu|Yaliu|Yalyu|Yanyu|Gugu Yanju|Kokjanju,0,0,https://collection.aiatsis.gov.au/austlang/language/y92
1195,Y93,Koko Dhawa,Kok Thaw|a|Koko Petitj|Uw Inhal|Ogh Injigharr|Da:wa|Daua|Koka tabul|Koko daua|Tyor|Yabul|Yahwah|Gugu Dhaw|Kwantari|Uw Inal|Koko Pititj|Kuantari|Kundara|Gundara|Goondarra|Wangara|Wanggara|Kokowanggara|Kokawan gar|Kokatabul|Kokodaue|Oikand,-16.050900536398998,141.80615325644001,https://collection.aiatsis.gov.au/austlang/language/y93
1196,Y94,Kuku Mini,Aghu Tharnggalu|Kokomini|Akoon koon|Akoonkool|Akunkun|Koko Mini|Koko minni|Koogaminny|Koogobatha|Koogobathy|Koogominny|Kookaminnie|Kookawarra|Mini|Mirkin|Gogo Mini|Gugu Mini|Kooga minny,-16.053297131657001,143.46132538846999,https://collection.aiatsis.gov.au/austlang/language/y94
1197,Y95,Kutjal,Kutabal|Kuttabal|Gudabal|Kuritja:l|Kuthabal|Koochulburra|Okuntjel|Kwearriburra,-17.312007513276,143.22095422076001,https://collection.aiatsis.gov.au/austlang/language/y95
1198,Y96,Gugu Jan,Jan|YirMayan|Baganha,0,0,https://collection.aiatsis.gov.au/austlang/language/y96
1199,Y97,Muluridji,Kuku|Muluridyi|Kuku yalanji|Djankun|Jungkurara|Kokojelandji|Kokokulunggur|Kokowalandja|Wakara|Wulpura|Binjara|Gugu Muluridyi|Kokanodna|Koko moloroiji|koko moloroitji|Kokomoloreij|Kokomoloreitji|Kookanoona|Molloreiji|Molloroiji|Moorlooratchee|Mulari ji|Mularitchee|Mullridgey|Muluritji|Waluridji|Muluriji|Mulurutji|Kokomoloroitji|Kokomoloroij|Mull ridgey,-17.118567956488,145.34983460775001,https://collection.aiatsis.gov.au/austlang/language/y97
1200,Y98,Kuku Waldja / Wulpura,Koko baldja|Koko waldja|Kokowaldja|Waldja|Walpoll|Wolpa|Woora|Wulbur ara|Wulbura|Wulpurara|Wulurara|Wulurarara|Gugu Waldja,-16.226318647741,145.076711644309995,https://collection.aiatsis.gov.au/austlang/language/y98
1201,Y99,Kuku Yalanyu,Jalunju|Kokokulunggur|Koko yalung|Ngarlkajee|Kuku Yalunyu,0,0,https://collection.aiatsis.gov.au/austlang/language/y99
1202,Y225,Wik Totjan,"",0,0,https://collection.aiatsis.gov.au/taxonomy/term/349267
1203,S99,Hunter River - Lake Macquarie language,Hunter River - Lake Macquarie language|Awabakal|Geawegal|Karikal|Garigal|Wonnaruah|Wanarruwa|Kuringgai,0,0,https://collection.aiatsis.gov.au/austlang/language/s99
1204,S62,Kuringgai,Cameeragal|Awabakal|Kameraigal|Karikal|Garigal,-33.406483198853,151.33422230501,https://collection.aiatsis.gov.au/austlang/language/s62
